symbol,open,high,low,close,volume,MACD,RSI,positions,profit
NSE:HCLTECH,887.0,887.0,877.0,879.34998,4863371.0,0.0,,0,
NSE:HCLTECH,894.75,905.0,886.65002,890.65002,11568187.0,0.9014276923077205,100.0,1,1063.6500499999997
NSE:HCLTECH,886.65002,910.5,850.0,870.45001,8875855.0,-0.013995029585885277,35.87308591573679,-1,
NSE:HCLTECH,879.15002,919.25,872.0,913.79999,10251896.0,2.7270709863618094,73.01268950727207,1,
NSE:HCLTECH,920.0,935.0,914.79999,922.59998,10723068.0,5.545545603000505,75.85175711852787,0,
NSE:HCLTECH,927.95001,928.25,910.70001,919.34998,4390561.0,7.431295851329878,73.01495442693799,0,
NSE:HCLTECH,925.0,927.5,913.5,921.79999,3884750.0,9.019490765532964,73.75489409460747,0,
NSE:HCLTECH,929.0,945.0,925.25,935.90002,6760167.0,11.285805518648885,77.33204794661309,0,
NSE:HCLTECH,938.0,950.0,931.0,940.70001,6382809.0,13.315700262330552,78.33718321608167,0,
NSE:HCLTECH,939.04999,949.84998,935.0,946.15002,3468390.0,15.189086397553297,79.37555178071148,0,
NSE:HCLTECH,942.0,955.5,942.0,950.5,3142822.0,16.830751017485,80.13553404979787,0,
NSE:HCLTECH,959.0,984.70001,952.65002,980.40002,5259092.0,20.310338842018382,84.15005036158824,0,
NSE:HCLTECH,967.20001,995.79999,967.20001,991.34998,7150252.0,23.678555868738158,85.24228631311688,0,
NSE:HCLTECH,997.90002,998.0,966.09998,978.20001,5995748.0,24.998630794302244,78.72712459907729,0,
NSE:HCLTECH,988.0,988.20001,959.40002,962.54999,5261000.0,24.499558205564085,72.16302758854408,0,
NSE:HCLTECH,974.90002,1003.5,970.0,994.65002,8034775.0,26.39003582742953,74.9400479616307,0,
NSE:HCLTECH,1015.0,1059.05,1008.0,1055.1,13384331.0,32.392658741113905,87.11558035564786,0,
NSE:HCLTECH,1052.0,1065.05,1038.7,1062.1,6700542.0,37.284825881566235,84.91055013703155,0,
NSE:HCLTECH,1064.0,1067.0,1041.0,1055.95,6691409.0,40.20222377358368,81.78784743742557,0,
NSE:HCLTECH,1049.0,1049.0,1006.6,1027.7,15021108.0,39.77622811891274,73.07774653887118,0,
NSE:HCLTECH,1047.65,1052.85,984.0,989.79999,23769415.0,35.965817869596094,62.58327165062917,0,
NSE:HCLTECH,1000.0,1004.95,976.90002,981.5,12947569.0,31.908479379452274,58.62329555571794,0,
NSE:HCLTECH,988.0,997.0,979.34998,983.84998,6387923.0,28.553486324445657,58.2363004841192,0,
NSE:HCLTECH,991.75,1009.65,987.54999,999.25,7444118.0,26.82802628050092,59.76461710402605,0,
NSE:HCLTECH,1009.0,1020.0,982.95001,993.29999,8857975.0,24.69579295512517,57.824495715703684,0,
NSE:HCLTECH,991.70001,1004.0,981.40002,985.79999,5379466.0,22.145515643732665,51.07526297195495,0,
NSE:HCLTECH,997.0,997.0,941.0,947.5,7731883.0,16.83979472291253,42.126058538337226,0,
NSE:HCLTECH,952.09998,963.25,942.5,955.5,7531736.0,13.12916101317694,45.8470531452192,0,
NSE:HCLTECH,948.79999,952.40002,930.09998,933.95001,6960905.0,8.353261770356312,44.8782270773639,0,
NSE:HCLTECH,941.0,949.5,909.5,914.0,7692663.0,2.924812713783581,34.899826616725434,0,
NSE:HCLTECH,919.0,933.75,896.34998,928.34998,8651478.0,-0.21684911360284786,21.317032932069054,-1,
NSE:HCLTECH,947.0,963.0,935.54999,954.65002,7690178.0,-0.5777849713717842,27.63788323513982,0,
NSE:HCLTECH,966.0,973.29999,952.54999,959.90002,6354619.0,-0.43518161240024256,29.935247133048087,0,
NSE:HCLTECH,964.70001,970.45001,950.15002,957.65002,4623148.0,-0.4979831788765523,33.58332002968643,0,
NSE:HCLTECH,960.79999,963.90002,940.04999,946.15002,4631703.0,-1.458890580772504,38.325764197605565,0,
NSE:HCLTECH,955.0,964.40002,941.34998,957.75,6509526.0,-1.269758196722023,43.75821287779238,0,
NSE:HCLTECH,965.0,981.90002,946.59998,951.59998,7557977.0,-1.5977072611074163,41.6902877216619,0,
NSE:HCLTECH,955.04999,965.09998,946.15002,959.45001,4896963.0,-1.2102267017385202,39.3297642547549,0,
NSE:HCLTECH,959.45001,972.5,953.04999,970.40002,3745595.0,-0.01934823839553701,44.02089712248119,0,
NSE:HCLTECH,975.0,986.5,957.59998,960.40002,8045740.0,0.11617589372099246,43.4536176665934,1,
NSE:HCLTECH,970.0,971.25,950.09998,954.65002,4643228.0,-0.23765763118740324,52.21431320620135,-1,
NSE:HCLTECH,957.0,962.25,944.09998,952.29999,3277086.0,-0.6996360608884515,48.973039745997575,0,
NSE:HCLTECH,952.0,958.40002,941.0,943.20001,3643176.0,-1.7795362430085788,53.226367226303594,0,
NSE:HCLTECH,944.0,956.75,938.34998,948.09998,5133094.0,-2.2144514712451837,63.28915407976488,0,
NSE:HCLTECH,950.0,958.0,944.45001,950.15002,5494816.0,-2.3664251518151787,59.396560865033756,0,
NSE:HCLTECH,949.5,951.45001,916.04999,920.15002,5043203.0,-4.851687435432041,35.588979654646806,0,
NSE:HCLTECH,924.0,930.0,906.54999,909.95001,5916942.0,-7.557216376323481,29.963906157453437,0,
NSE:HCLTECH,918.0,919.45001,905.5,916.95001,3292428.0,-9.032406100653589,34.273574967927,0,
NSE:HCLTECH,925.90002,934.04999,922.15002,929.25,6234947.0,-9.104052339366376,43.50997994931798,0,
NSE:HCLTECH,908.0,925.0,905.09998,909.45001,9198218.0,-10.635921929931897,32.55059047296727,0,
NSE:HCLTECH,916.0,934.45001,915.65002,930.34998,5397960.0,-10.047663495988331,43.06235807217002,0,
NSE:HCLTECH,933.84998,957.90002,928.59998,953.75,6715548.0,-7.605605708756457,48.31060768757512,0,
NSE:HCLTECH,965.0,968.0,947.0,965.25,5742015.0,-4.688260083902264,48.47857607090101,0,
NSE:HCLTECH,952.0,969.90002,951.34998,958.0,6268541.0,-2.9275105478039904,49.27927327327326,0,
NSE:HCLTECH,956.09998,972.0,936.29999,941.5,5992152.0,-2.8308832981792875,46.290544428772904,0,
NSE:HCLTECH,952.5,973.0,944.0,961.90002,5621823.0,-1.0955653869555135,52.457765102804174,0,
NSE:HCLTECH,964.09998,976.90002,949.09998,973.15002,5440319.0,1.1739351461906153,57.584200679453005,1,
NSE:HCLTECH,985.70001,995.09998,979.70001,988.5,7694950.0,4.16315550525178,59.716213591513856,0,
NSE:HCLTECH,988.5,1002.8,973.59998,979.25,6447010.0,5.719802162576002,56.76429165637299,0,
NSE:HCLTECH,977.5,994.34998,967.34998,992.34998,5321081.0,7.91922684096312,68.21391891300077,0,
NSE:HCLTECH,993.0,1018.8,990.45001,1007.25,8094575.0,10.740780798776768,73.97732981429225,0,
NSE:HCLTECH,1012.0,1023.9,982.70001,987.45001,6758901.0,11.24951155434269,66.3421448942318,0,
NSE:HCLTECH,995.0,999.75,932.40002,947.75,8269566.0,8.352937855092819,53.80501882394232,0,
NSE:HCLTECH,950.0,969.0,937.70001,960.45001,9004154.0,7.001458542516843,60.80508474576271,0,
NSE:HCLTECH,960.45001,982.45001,944.59998,978.75,4745254.0,7.3226467900142325,60.36846954854589,0,
NSE:HCLTECH,983.65002,992.90002,971.79999,980.84998,5158305.0,7.658360809677106,56.388491880102954,0,
NSE:HCLTECH,971.04999,984.75,965.79999,975.65002,3874331.0,7.4192982232627855,52.52673057144721,0,
NSE:HCLTECH,970.0,974.5,950.0,957.04999,4879437.0,5.663684992046342,49.78125486271077,0,
NSE:HCLTECH,965.0,975.0,953.79999,958.54999,4271178.0,4.343319241183963,54.21716362362062,0,
NSE:HCLTECH,965.0,1000.8,964.45001,995.79999,5475051.0,6.230858105993434,57.73972094514176,0,
NSE:HCLTECH,1000.0,1000.0,978.65002,982.65002,4445140.0,6.589691711117894,52.150295029531925,0,
NSE:HCLTECH,992.0,1013.5,990.59998,1002.6,5269079.0,8.387184345205469,53.12638691845213,0,
NSE:HCLTECH,1007.0,1040.0,1002.6,1033.5,9452833.0,12.16485311156805,60.975119878655036,0,
NSE:HCLTECH,1039.0,1040.6,1020.25,1028.4,4260257.0,14.579096696478018,57.53711667249429,0,
NSE:HCLTECH,1031.0,1045.0,1024.7,1037.2,3551106.0,17.00644883056441,56.42566193543428,0,
NSE:HCLTECH,1044.0,1054.4,1031.65,1037.5,4852068.0,18.738346384842316,61.71856858019107,0,
NSE:HCLTECH,1042.1,1054.8,1034.15,1045.4,3708082.0,20.511903199335165,76.86383575849723,0,
NSE:HCLTECH,1042.95,1042.95,1001.2,1009.4,5976427.0,18.795893259700506,61.936115943674395,0,
NSE:HCLTECH,1012.5,1020.8,972.20001,983.40002,7773994.0,15.16317033537473,51.09283717642171,0,
NSE:HCLTECH,968.0,994.70001,958.75,991.90002,7430279.0,12.822282912209289,52.52111431297809,0,
NSE:HCLTECH,1000.0,1016.8,994.5,1012.75,4677808.0,12.505377689931834,57.900338475384615,0,
NSE:HCLTECH,996.0,1028.45,987.84998,994.59998,6239343.0,10.666713852649764,58.01152148839985,0,
NSE:HCLTECH,1006.0,1006.0,957.0,961.29999,9742418.0,6.448197810874376,50.51662611809164,0,
NSE:HCLTECH,966.0,971.90002,955.29999,961.90002,4970596.0,3.1174745552285685,42.61438401184837,0,
NSE:HCLTECH,964.0,974.84998,950.20001,955.65002,6023490.0,-0.02616873116323859,43.93530942815,-1,
NSE:HCLTECH,940.0,954.5,923.04999,928.79999,19619972.0,-4.630721633821736,33.92156855055748,0,
NSE:HCLTECH,931.0,938.54999,923.40002,928.84998,6406825.0,-8.181517764009186,23.659700613168823,0,
NSE:HCLTECH,931.20001,935.84998,921.75,923.79999,6845677.0,-11.273092079523508,23.665658425696947,0,
NSE:HCLTECH,929.70001,929.70001,907.09998,909.54999,8588734.0,-14.703549539490268,18.720900822303324,0,
NSE:HCLTECH,905.0,915.0,895.40002,898.95001,10921664.0,-18.069250517646765,17.68136308287211,0,
NSE:HCLTECH,898.75,910.45001,891.0,907.70001,6871176.0,-19.80227264563098,18.00650641294174,0,
NSE:HCLTECH,910.0,915.0,899.25,900.95001,6217026.0,-21.47284812885914,20.838936318307955,0,
NSE:HCLTECH,903.95001,910.79999,900.59998,909.40002,2696835.0,-21.862923870660552,28.028506172386443,0,
NSE:HCLTECH,912.0,923.90002,901.25,916.0,6319104.0,-21.392894507449,27.207201201201187,0,
NSE:HCLTECH,918.0,921.40002,913.70001,916.40002,3651558.0,-20.748933786899215,17.014736866898527,0,
NSE:HCLTECH,918.04999,921.59998,910.20001,913.95001,4029147.0,-20.203393464110604,19.06407693193477,0,
NSE:HCLTECH,908.5,912.45001,905.09998,907.29999,3818154.0,-20.076223656066986,23.96337089872468,0,
NSE:HCLTECH,906.15002,908.95001,895.0,906.09998,4076940.0,-19.843527610949536,23.250230776517427,0,
NSE:HCLTECH,909.0,912.0,896.5,910.34998,5184569.0,-19.09604748886659,27.859226643508624,0,
NSE:HCLTECH,914.59998,927.20001,910.09998,922.15002,7956551.0,-17.3514824075894,46.18913112370713,0,
NSE:HCLTECH,928.0,939.5,924.5,931.59998,5913426.0,-15.033077259493666,51.42265878475762,0,
NSE:HCLTECH,928.0,941.0,925.15002,931.40002,4178834.0,-13.061297074980075,54.13945034198808,0,
NSE:HCLTECH,932.0,934.79999,922.04999,924.40002,4753782.0,-11.926012918167658,58.78180470512182,0,
NSE:HCLTECH,925.5,934.65002,923.0,930.65002,4161547.0,-10.402060796241358,69.76309603951421,0,
NSE:HCLTECH,931.5,939.0,927.70001,932.79999,4191877.0,-8.918031631812141,67.05162148141886,0,
NSE:HCLTECH,938.0,943.79999,935.15002,940.59998,5032874.0,-7.031479304902405,76.55725782609154,0,
NSE:HCLTECH,940.0,948.95001,932.54999,945.79999,5017674.0,-5.058464811683734,75.49018578019009,0,
NSE:HCLTECH,949.0,956.90002,938.09998,942.40002,9078274.0,-3.7262320912225277,69.35486472426089,0,
NSE:HCLTECH,940.04999,949.75,937.40002,942.54999,4098094.0,-2.6280324146080147,69.24209318305205,0,
NSE:HCLTECH,941.54999,947.84998,932.59998,945.20001,4171524.0,-1.5262728683759406,72.92739301821636,0,
NSE:HCLTECH,948.0,952.0,942.04999,950.70001,2944472.0,-0.20693108294199192,82.38812296734783,0,
NSE:HCLTECH,947.0,950.70001,937.59998,943.75,3657189.0,0.27468269291591696,75.87633797434783,1,
NSE:HCLTECH,945.0,949.79999,937.0,939.45001,4164240.0,0.3058659908908794,69.98631453976108,0,
NSE:HCLTECH,940.09998,944.20001,934.75,936.54999,3550303.0,0.09547107060473081,61.26760508276464,0,
NSE:HCLTECH,939.0,951.95001,937.09998,949.59998,3282517.0,0.9705685994904343,63.33335308644905,0,
NSE:HCLTECH,952.0,972.0,951.45001,967.20001,6385642.0,3.04911670788249,71.08362935817291,0,
NSE:HCLTECH,973.90002,985.0,965.09998,971.29999,5521459.0,4.969924978470317,78.59756012046348,0,
NSE:HCLTECH,979.5,981.65002,966.54999,968.54999,3878256.0,6.198821202110594,74.1401236561297,0,
NSE:HCLTECH,976.0,990.0,970.5,983.34998,4777035.0,8.271615779582476,77.72902174295835,0,
NSE:HCLTECH,983.0,988.45001,976.0,984.20001,2236373.0,9.869145368432783,75.89075108185858,0,
NSE:HCLTECH,985.09998,993.0,983.20001,985.45001,2559001.0,11.108017321310626,74.70406230529598,0,
NSE:HCLTECH,984.04999,986.0,974.0,979.40002,3138753.0,11.469436118336716,72.3160380419691,0,
NSE:HCLTECH,980.0,988.95001,978.54999,986.40002,3609989.0,12.180297727193647,74.42897246296799,0,
NSE:HCLTECH,990.0,996.70001,970.09998,975.25,5622783.0,11.708973486529544,65.2926079935837,0,
NSE:HCLTECH,968.0,983.45001,961.25,982.0,1639495.0,11.7447283009775,65.72863028712042,0,
NSE:HCLTECH,982.09998,988.20001,976.25,980.09998,2529648.0,11.487329727670726,69.24296289488852,0,
NSE:HCLTECH,985.0,985.0,971.0,972.90002,2395543.0,10.580398654821465,67.18027719149136,0,
NSE:HCLTECH,972.0,994.59998,969.09998,989.70001,4686567.0,11.089435920767869,73.88764943820226,0,
NSE:HCLTECH,995.0,1010.0,989.25,995.65002,5196000.0,11.836523625759924,72.10755216369621,0,
NSE:HCLTECH,1000.0,1000.0,984.20001,985.29999,1844159.0,11.461316173821842,59.33951303622018,0,
NSE:HCLTECH,986.95001,993.90002,980.5,983.59998,1895170.0,10.901123598385311,56.50792777358317,0,
NSE:HCLTECH,981.0,991.45001,981.0,983.5,2682591.0,10.330021340155554,58.138271702252034,0,
NSE:HCLTECH,987.0,988.0,975.15002,985.5,2861509.0,9.92439966957511,51.35991076032348,0,
NSE:HCLTECH,983.54999,987.59998,977.25,984.65002,1646631.0,9.425701669324553,50.2846363421425,0,
NSE:HCLTECH,991.70001,995.90002,978.0,979.75,2598033.0,8.536683672896515,46.55380331876622,0,
NSE:HCLTECH,980.0,982.20001,970.20001,972.04999,2486069.0,7.128629645234696,45.643137293489964,0,
NSE:HCLTECH,970.0,977.59998,960.29999,975.34998,3014899.0,6.207462533588227,43.149387935675605,0,
NSE:HCLTECH,975.0,982.0,970.0,976.79999,2555624.0,5.530680408696185,51.092311333007544,0,
NSE:HCLTECH,972.0,979.5,966.59998,976.84998,3218471.0,4.941398112456568,45.99220233463032,0,
NSE:HCLTECH,980.0,983.04999,975.0,979.45001,2037878.0,4.630807275089865,49.49963826025589,0,
NSE:HCLTECH,983.0,983.0,964.0,967.95001,2997764.0,3.4173152255849573,46.425988140080754,0,
NSE:HCLTECH,968.25,992.95001,968.09998,989.45001,4371180.0,4.142729543202563,49.83096700665288,0,
NSE:HCLTECH,993.0,1052.5,990.79999,1039.75,12701032.0,8.676398315772644,68.63903849905711,0,
NSE:HCLTECH,1044.9,1048.75,998.04999,1005.0,8665827.0,9.357461903218905,56.90259587227779,0,
NSE:HCLTECH,1005.0,1018.3,992.5,1000.2,4644600.0,9.401515005597503,55.69273662551444,0,
NSE:HCLTECH,999.0,1012.2,969.34998,977.20001,10216774.0,7.494132735317294,48.13278315751138,0,
NSE:HCLTECH,970.0,981.5,970.0,978.59998,6156400.0,6.0260202131853475,47.94764401518666,0,
NSE:HCLTECH,984.70001,1003.9,982.59998,994.0,5265839.0,6.035608633587003,52.55953434880543,0,
NSE:HCLTECH,994.0,1004.0,987.25,1000.3,2477027.0,6.4769031665674675,55.58272208638956,0,
NSE:HCLTECH,1000.0,1002.2,983.84998,992.0,2883514.0,6.086727622132457,55.40211510436585,0,
NSE:HCLTECH,995.0,995.95001,977.29999,983.09998,2952249.0,5.0016970090039194,52.036793478392276,0,
NSE:HCLTECH,985.54999,1009.0,985.54999,1007.6,4732101.0,6.0490199530313475,57.219879434616125,0,
NSE:HCLTECH,1013.0,1049.95,1009.9,1024.95,9330054.0,8.184683000881591,60.429317358314435,0,
NSE:HCLTECH,1034.0,1039.0,1023.05,1035.4,2536478.0,10.598268773403674,61.73201670236879,0,
NSE:HCLTECH,1030.0,1042.95,1024.0,1039.45,3359006.0,12.691553708873698,65.47618764172348,0,
NSE:HCLTECH,1041.1,1047.75,1034.6,1039.95,3122161.0,14.22684471291575,62.02380657029494,0,
NSE:HCLTECH,1040.0,1073.0,1033.7,1061.15,7896314.0,16.958746841861398,55.914869440036576,0,
NSE:HCLTECH,1061.15,1070.0,1043.0,1049.95,11584782.0,18.012416636997045,64.28344273486589,0,
NSE:HCLTECH,1057.8,1066.75,1043.5,1050.55,6321578.0,18.680534947863862,66.43813040311711,0,
NSE:HCLTECH,1052.5,1072.3,1048.0,1063.7,5871606.0,20.040108724778065,80.18142773591882,0,
NSE:HCLTECH,1070.95,1079.0,1057.15,1066.95,5011239.0,21.136183806693566,80.43402806722919,0,
NSE:HCLTECH,1071.0,1101.15,1068.0,1096.5,6540144.0,24.111328855981355,82.1719944326442,0,
NSE:HCLTECH,1099.0,1123.95,1090.2,1119.45,7270809.0,27.998279206779443,83.85904316929964,0,
NSE:HCLTECH,1120.95,1129.35,1114.35,1123.65,3159376.0,31.05958470433643,88.30374435758057,0,
NSE:HCLTECH,1119.25,1151.95,1112.55,1142.95,5295838.0,34.64368918584864,93.85459601046955,0,
NSE:HCLTECH,1157.9,1157.9,1131.6,1134.25,4871006.0,36.362931281781584,88.04445779513362,0,
NSE:HCLTECH,1107.5,1140.75,1107.2,1117.35,3467046.0,35.947375302449245,77.83132530120474,0,
NSE:HCLTECH,1129.0,1178.2,1126.05,1163.1,9383780.0,38.861713206933246,81.7188276204669,0,
NSE:HCLTECH,1167.95,1173.0,1150.0,1152.9,3947317.0,39.88848263971204,77.34393829838515,0,
NSE:HCLTECH,1159.9,1169.9,1140.3,1154.35,3447912.0,40.35403153844504,77.447216890595,0,
NSE:HCLTECH,1159.9,1172.0,1155.0,1167.45,4654833.0,41.30391706835326,76.53519720419371,0,
NSE:HCLTECH,1167.45,1169.75,1159.5,1162.95,3050466.0,41.218455109525394,79.18388429752068,0,
NSE:HCLTECH,1164.0,1170.35,1154.55,1163.4,2956868.0,40.717669186118655,79.16774360299821,0,
NSE:HCLTECH,1166.0,1193.4,1162.05,1182.3,7199002.0,41.368988828052125,79.76907630522088,0,
NSE:HCLTECH,1190.0,1190.5,1161.75,1164.65,3200410.0,39.99986331870582,72.86985018726597,0,
NSE:HCLTECH,1172.0,1182.0,1154.0,1172.75,5224479.0,39.117501585529,69.84126984126988,0,
NSE:HCLTECH,1173.5,1180.6,1158.25,1174.75,4533364.0,38.139953201011394,66.15070093457946,0,
NSE:HCLTECH,1175.0,1210.1,1174.0,1200.15,4331916.0,38.96563519945448,69.88045738045741,0,
NSE:HCLTECH,1214.0,1214.95,1180.1,1182.2,3721585.0,37.736575395392265,60.27218005757656,0,
NSE:HCLTECH,1185.0,1191.15,1167.05,1188.8,3118518.0,36.87008608570932,64.43503572373646,0,
NSE:HCLTECH,1192.0,1204.95,1183.0,1198.55,3388292.0,36.54881855150529,72.3322332233224,0,
NSE:HCLTECH,1192.0,1215.0,1176.45,1208.4,3723138.0,36.6663574514705,65.52433173406453,0,
NSE:HCLTECH,1216.0,1240.6,1207.0,1238.65,5593286.0,38.75370151894799,75.83609520940045,0,
NSE:HCLTECH,1238.65,1288.95,1230.25,1273.25,6063895.0,42.70756138356478,79.85936715218487,0,
NSE:HCLTECH,1287.2,1295.3,1255.2,1263.1,3616292.0,44.508932372839126,74.38185062452204,0,
NSE:HCLTECH,1265.0,1281.0,1258.5,1263.3,4817180.0,45.42899303540071,76.15324472243938,0,
NSE:HCLTECH,1258.0,1298.8,1250.0,1276.15,5453683.0,46.6572001865768,77.60097919216646,0,
NSE:HCLTECH,1289.0,1315.0,1277.0,1299.5,4645597.0,48.95044282426102,78.07858169621468,0,
NSE:HCLTECH,1300.0,1328.65,1299.6,1315.5,5367303.0,51.46565636860919,86.42839893745466,0,
NSE:HCLTECH,1326.85,1336.45,1313.9,1328.3,3037295.0,53.870844685478914,86.72963400236122,0,
NSE:HCLTECH,1340.0,1377.75,1337.0,1358.2,7951730.0,57.52652391168181,88.27456707698722,0,
NSE:HCLTECH,1366.0,1367.95,1290.05,1295.2,7653504.0,54.70944610985589,67.141568981064,0,
NSE:HCLTECH,1304.95,1304.95,1254.0,1269.0,8572321.0,49.78883591059207,65.20140105078808,0,
NSE:HCLTECH,1270.0,1301.45,1258.8,1281.2,4639821.0,46.33948221133301,65.87083476468567,0,
NSE:HCLTECH,1291.45,1291.45,1268.85,1279.55,3589722.0,42.97728792033149,64.31095406360421,0,
NSE:HCLTECH,1274.0,1284.0,1260.65,1273.75,3372796.0,39.39064238840365,61.71356873991753,0,
NSE:HCLTECH,1281.5,1293.6,1273.75,1278.65,2706626.0,36.522579451554975,57.88643533123027,0,
NSE:HCLTECH,1270.0,1313.6,1262.2,1305.15,3710314.0,35.97326997736809,56.49694501018331,0,
NSE:HCLTECH,1312.0,1319.85,1271.8,1275.45,2861608.0,32.76371674286406,52.32974910394267,0,
NSE:HCLTECH,1284.05,1317.85,1284.05,1306.3,2421641.0,32.336702479445194,57.27088265133581,0,
NSE:HCLTECH,1306.3,1338.0,1294.05,1322.15,5197831.0,32.89802517928001,57.70003347840642,0,
NSE:HCLTECH,1300.0,1324.9,1235.65,1302.9,5264998.0,31.427289115854137,50.577053632043466,0,
NSE:HCLTECH,1306.95,1309.0,1236.3,1250.35,12811641.0,25.724834489342584,40.163068096028994,0,
NSE:HCLTECH,1263.0,1270.8,1243.45,1265.35,5705730.0,22.160520072681493,40.55797210139494,0,
NSE:HCLTECH,1289.4,1293.25,1244.05,1251.15,10360519.0,17.982660970480538,33.14969305839763,0,
NSE:HCLTECH,1240.0,1272.5,1215.0,1221.4,23861603.0,12.131259554562575,37.02531645569622,0,
NSE:HCLTECH,1230.0,1253.0,1225.0,1232.1,10189780.0,8.262141527224458,43.138713276310895,0,
NSE:HCLTECH,1239.0,1263.4,1220.4,1232.9,8222562.0,5.200443454213428,40.621359223300985,0,
NSE:HCLTECH,1238.9,1238.9,1189.0,1210.7,5998795.0,0.9714726738859554,37.6191332494156,0,
NSE:HCLTECH,1203.25,1223.35,1186.0,1194.0,3812305.0,-3.6850881673833555,36.20003460806369,-1,
NSE:HCLTECH,1184.05,1190.0,1157.15,1165.4,6690819.0,-9.572876995530123,31.888693427154973,0,
NSE:HCLTECH,1170.0,1182.0,1153.25,1166.8,5126660.0,-13.96504343358788,25.943314206224976,0,
NSE:HCLTECH,1170.0,1181.35,1161.5,1177.15,3536653.0,-16.421412655045515,31.674123788217756,0,
NSE:HCLTECH,1183.3,1185.0,1146.8,1152.0,4096585.0,-20.165047655844774,20.609523809523843,0,
NSE:HCLTECH,1152.0,1173.0,1138.0,1143.75,3558520.0,-23.52641356637605,15.005884660651231,0,
NSE:HCLTECH,1143.5,1191.45,1143.5,1189.2,4511112.0,-22.26621405392757,29.775880469583782,0,
NSE:HCLTECH,1191.0,1195.1,1168.85,1170.65,3016082.0,-22.50490430424361,33.87292594091464,0,
NSE:HCLTECH,1175.0,1187.7,1171.7,1176.35,2063067.0,-21.980745334499943,31.286795626576936,0,
NSE:HCLTECH,1185.0,1187.15,1178.0,1183.1,256369.0,-20.781125112227755,35.22899934881698,0,
NSE:HCLTECH,1187.45,1192.8,1168.55,1182.85,3808317.0,-19.624372800052015,40.40328603435395,0,
NSE:HCLTECH,1188.0,1191.0,1170.45,1172.8,3565461.0,-19.296155201622923,35.1898101898102,0,
NSE:HCLTECH,1164.0,1175.0,1162.1,1169.15,2401325.0,-19.1102735481345,34.301896084708176,0,
NSE:HCLTECH,1166.0,1167.8,1152.25,1160.7,2861259.0,-19.420932952972407,36.793449550977265,0,
NSE:HCLTECH,1168.9,1178.15,1163.0,1172.35,3812518.0,-18.513661170974046,44.12483039348707,0,
NSE:HCLTECH,1171.0,1181.6,1163.5,1170.85,3619915.0,-17.71151192671914,51.73401209035947,0,
NSE:HCLTECH,1170.9,1175.5,1160.45,1163.4,3141207.0,-17.475508821656376,48.95833333333337,0,
NSE:HCLTECH,1160.5,1164.75,1150.0,1152.45,3172985.0,-17.964959279836194,42.46031746031743,0,
NSE:HCLTECH,1148.0,1155.0,1113.5,1120.2,5384530.0,-20.71635255299907,40.696313633703895,0,
NSE:HCLTECH,1120.2,1125.85,1102.0,1110.1,3961223.0,-23.441616769260463,40.26049204052093,0,
NSE:HCLTECH,1105.0,1120.0,1090.0,1112.6,4545069.0,-25.11022415500088,20.493066255777954,0,
NSE:HCLTECH,1120.0,1132.65,1112.95,1119.45,2675632.0,-25.58494248679176,28.3234546994072,0,
NSE:HCLTECH,1116.5,1131.0,1111.0,1124.8,3106454.0,-25.23852588079535,28.11040339702758,0,
NSE:HCLTECH,1120.0,1126.0,1103.3,1110.05,2207274.0,-25.856136507085466,20.954274353876702,0,
NSE:HCLTECH,1101.1,1145.0,1100.1,1133.15,3661152.0,-24.202627607374552,33.277254374158865,0,
NSE:HCLTECH,1133.0,1157.9,1133.0,1138.65,7421904.0,-22.192583567916017,38.14647691773694,0,
NSE:HCLTECH,1146.0,1163.0,1145.2,1156.7,2918586.0,-18.924969764147363,46.07131587251497,0,
NSE:HCLTECH,1161.9,1186.4,1153.0,1184.7,4011279.0,-13.915586074423572,56.74157303370786,0,
NSE:HCLTECH,1188.0,1189.7,1169.65,1171.4,2571036.0,-10.893241746868853,49.73559699415535,0,
NSE:HCLTECH,1169.9,1172.65,1134.85,1136.55,2493755.0,-11.181225629874461,41.94835680751176,0,
NSE:HCLTECH,1150.0,1155.0,1131.4,1149.65,2299958.0,-10.234418408527063,46.8557054653556,0,
NSE:HCLTECH,1157.4,1181.6,1157.05,1171.6,2525711.0,-7.6249891791692335,54.169388199433875,0,
NSE:HCLTECH,1179.8,1179.8,1155.0,1168.55,1734844.0,-5.736974948998068,62.060364180593616,0,
NSE:HCLTECH,1155.2,1167.0,1155.2,1162.2,957733.0,-4.698935595456533,63.24351804778855,0,
NSE:HCLTECH,1166.0,1173.45,1153.25,1159.1,2225682.0,-4.079401223360264,61.78408514951849,0,
NSE:HCLTECH,1156.0,1165.9,1145.5,1162.35,1972685.0,-3.288262883702373,61.07382550335567,0,
NSE:HCLTECH,1158.25,1161.95,1142.3,1148.9,1604301.0,-3.7038865448400884,55.97125867195246,0,
NSE:HCLTECH,1156.0,1167.9,1149.55,1159.75,2121810.0,-3.1217810195792026,62.55684689236991,0,
NSE:HCLTECH,1172.0,1182.9,1165.0,1171.4,6373455.0,-1.7007948556902193,60.257441673370884,0,
NSE:HCLTECH,1160.0,1172.35,1145.5,1159.9,3091768.0,-1.4854832474504747,55.5209145232528,0,
NSE:HCLTECH,1168.9,1214.95,1165.05,1205.0,6217986.0,2.2978575652439304,61.00227790432802,1,
NSE:HCLTECH,1218.0,1226.0,1210.1,1222.8,3809814.0,6.6557700815687895,59.10176779741996,0,
NSE:HCLTECH,1229.9,1230.7,1215.6,1227.45,2814281.0,10.365179943856674,63.96710690256665,0,
NSE:HCLTECH,1262.15,1283.8,1246.15,1265.2,15952929.0,16.16468704457975,81.60157209530834,0,
NSE:HCLTECH,1268.0,1277.0,1254.05,1267.2,3372907.0,20.683791615863356,80.54040010392315,0,
NSE:HCLTECH,1270.0,1289.0,1270.0,1283.9,3446067.0,25.320881617685245,79.9946581196582,0,
NSE:HCLTECH,1283.0,1299.0,1277.1,1291.9,2254162.0,29.30354892261471,82.09731980223789,0,
NSE:HCLTECH,1291.9,1326.45,1282.7,1317.05,4518139.0,34.09619653846994,86.70301019198864,0,
NSE:HCLTECH,1320.0,1329.45,1308.95,1319.1,2231508.0,37.62609200344514,88.11338732729878,0,
NSE:HCLTECH,1316.35,1339.9,1314.1,1326.15,2661272.0,40.525285407588854,88.32475432849797,0,
NSE:HCLTECH,1329.5,1336.7,1307.25,1333.45,3367100.0,42.91724279935261,94.45916646591182,0,
NSE:HCLTECH,1329.0,1330.0,1302.0,1310.75,3510253.0,42.491371892052484,84.412032816773,0,
NSE:HCLTECH,1290.0,1297.8,1277.0,1284.9,4409632.0,39.61137192887395,74.29366438356165,0,
NSE:HCLTECH,1297.55,1298.5,1282.2,1290.55,3898684.0,37.35426230611142,78.6827661909989,0,
NSE:HCLTECH,1304.85,1304.85,1280.0,1288.1,2529949.0,34.96474038165502,72.44732576985412,0,
NSE:HCLTECH,1288.65,1348.0,1280.0,1343.65,6772189.0,37.12548827125033,77.11465111061253,0,
NSE:HCLTECH,1354.0,1357.1,1331.4,1352.15,3162044.0,39.07336210758581,77.50330833700929,0,
NSE:HCLTECH,1340.0,1359.4,1321.15,1334.25,4598005.0,38.726273379841814,66.69083877205702,0,
NSE:HCLTECH,1320.0,1342.95,1293.0,1337.2,5636243.0,38.24834034950277,66.84311838306061,0,
NSE:HCLTECH,1273.0,1273.0,1243.4,1258.75,11973283.0,31.179893213487958,45.33481728807269,0,
NSE:HCLTECH,1269.95,1269.95,1217.0,1219.75,7799487.0,22.1754985261432,37.99700548993511,0,
NSE:HCLTECH,1220.0,1220.5,1191.0,1199.2,8464215.0,13.228744870518085,30.089542152390642,0,
NSE:HCLTECH,1200.0,1201.4,1170.0,1175.35,6172404.0,4.165861010748813,27.380015735641262,0,
NSE:HCLTECH,1175.35,1179.85,1155.0,1167.95,5514748.0,-3.5724766116998126,25.13360578434455,-1,
NSE:HCLTECH,1162.5,1164.5,1111.0,1124.9,5878438.0,-13.028752793257127,20.53129857284162,0,
NSE:HCLTECH,1115.0,1139.65,1088.4,1123.7,4725254.0,-20.384766863784762,21.859485482172424,0,
NSE:HCLTECH,1115.0,1115.95,1070.2,1077.75,8304735.0,-29.5812477809925,20.612852886934327,0,
NSE:HCLTECH,1079.0,1102.2,1077.25,1080.45,7654724.0,-36.23397502061698,19.942775393419222,0,
NSE:HCLTECH,1100.65,1113.95,1092.85,1099.4,7572995.0,-39.52162200299381,24.221311475409895,0,
NSE:HCLTECH,1116.7,1136.5,1101.25,1132.8,6783774.0,-38.98263747918077,19.339828413552414,0,
NSE:HCLTECH,1142.9,1173.85,1133.3,1170.95,6982539.0,-35.07280473284095,25.74297188755021,0,
NSE:HCLTECH,1162.0,1170.85,1151.0,1156.75,4169794.0,-32.742618908981285,26.000540832882653,0,
NSE:HCLTECH,1160.0,1167.1,1137.35,1163.8,3625482.0,-29.981446324373337,26.811981813319065,0,
NSE:HCLTECH,1157.0,1171.35,1146.0,1157.35,3824483.0,-27.990995480884294,33.206359721762155,0,
NSE:HCLTECH,1158.95,1169.85,1148.55,1161.95,3267641.0,-25.745588176374213,39.19626168224301,0,
NSE:HCLTECH,1172.0,1189.0,1166.0,1180.9,3772972.0,-22.181288001315124,46.558856713050034,0,
NSE:HCLTECH,1184.95,1191.9,1174.1,1190.35,2053245.0,-18.382120764430283,52.98210735586481,0,
NSE:HCLTECH,1179.0,1179.0,1158.05,1163.7,3912397.0,-17.322008305168083,49.21514312096029,0,
NSE:HCLTECH,1135.35,1164.35,1133.6,1146.45,3243813.0,-17.670102437596142,54.39885690957337,0,
NSE:HCLTECH,1153.5,1174.0,1148.1,1168.55,3000492.0,-15.978494109013127,58.435207823960866,0,
NSE:HCLTECH,1178.0,1182.65,1160.0,1167.8,1885868.0,-14.530897907313829,70.40561975980059,0,
NSE:HCLTECH,1174.0,1174.0,1160.0,1163.05,1644055.0,-13.6100644398025,68.54512797485405,0,
NSE:HCLTECH,1152.85,1170.1,1150.1,1165.0,2166690.0,-12.577957712381249,65.94555177442876,0,
NSE:HCLTECH,1153.1,1169.5,1150.2,1164.75,1706058.0,-11.645931555998459,59.25818603303392,0,
NSE:HCLTECH,1132.0,1154.15,1132.0,1149.55,3254855.0,-11.99553007671284,42.84759358288767,0,
NSE:HCLTECH,1156.0,1159.0,1148.05,1153.0,1937649.0,-11.857517178962325,48.64962189413036,0,
NSE:HCLTECH,1106.0,1134.95,1092.0,1098.55,5469084.0,-15.95784875845743,32.48322147651007,0,
NSE:HCLTECH,1115.6,1141.0,1115.0,1129.7,3213276.0,-16.50360314400541,43.446314292486406,0,
NSE:HCLTECH,1119.6,1133.3,1107.0,1126.95,4571884.0,-16.96248645867695,41.63079866092778,0,
NSE:HCLTECH,1124.65,1124.65,1109.0,1115.55,3867328.0,-18.03810744357679,33.78814190027285,0,
NSE:HCLTECH,1125.0,1152.0,1120.5,1139.7,3969380.0,-16.748772232959027,38.289017341040505,0,
NSE:HCLTECH,1128.0,1154.85,1122.65,1138.45,3522375.0,-15.647455219136646,43.38485721771026,0,
NSE:HCLTECH,1111.0,1161.4,1110.5,1154.2,5249845.0,-13.349871174470763,52.046474782149446,0,
NSE:HCLTECH,1156.0,1179.6,1155.0,1175.3,3805165.0,-9.714443547744395,51.791876825059724,0,
NSE:HCLTECH,1180.0,1195.0,1161.1,1182.7,3781326.0,-6.1651547399360425,53.82051282051283,0,
NSE:HCLTECH,1198.2,1198.2,1175.0,1192.15,3834327.0,-2.5602685829360325,57.28592889334002,0,
NSE:HCLTECH,1180.0,1207.15,1176.3,1193.45,2770879.0,0.3969529769124165,57.14644561667922,1,
NSE:HCLTECH,1193.45,1214.8,1177.65,1202.85,5740660.0,3.4591983246350537,59.149855907780946,0,
NSE:HCLTECH,1207.0,1214.3,1168.1,1176.85,3003066.0,3.7448982600344607,56.232876712328746,0,
NSE:HCLTECH,1190.15,1202.95,1185.0,1199.5,1894018.0,5.732897944349816,59.760705289672536,0,
NSE:HCLTECH,1215.0,1215.0,1190.8,1196.9,6987787.0,7.017707976855263,76.3885162328951,0,
NSE:HCLTECH,1199.9,1209.9,1165.1,1168.05,4046440.0,5.642927142187091,60.41836457484375,0,
NSE:HCLTECH,1170.0,1181.75,1162.3,1176.4,4516870.0,5.167609654715761,63.037173741102016,0,
NSE:HCLTECH,1190.0,1190.85,1170.0,1180.7,2338886.0,5.079339718324036,67.84442618460696,0,
NSE:HCLTECH,1169.0,1194.0,1169.0,1192.1,2351703.0,5.861699856839778,65.42991755005886,0,
NSE:HCLTECH,1199.0,1199.0,1175.4,1179.35,2489854.0,5.390766063860838,61.279646993932666,0,
NSE:HCLTECH,1184.9,1187.6,1158.2,1163.95,3406258.0,3.731877581454455,52.69411439624206,0,
NSE:HCLTECH,1167.0,1175.0,1163.65,1167.7,2443230.0,2.688795407700809,47.677261613691954,0,
NSE:HCLTECH,1177.35,1181.95,1162.1,1165.2,3073672.0,1.6414940418515016,44.48645242596093,0,
NSE:HCLTECH,1174.8,1174.8,1161.0,1163.75,3006639.0,0.6865827832307332,40.57730590577302,0,
NSE:HCLTECH,1161.0,1174.0,1152.05,1169.65,2479745.0,0.4012639021659652,42.33741146168707,0,
NSE:HCLTECH,1173.2,1188.95,1168.0,1187.05,2282137.0,1.561184848315861,45.16227801592163,0,
NSE:HCLTECH,1190.0,1203.0,1184.1,1195.45,2634464.0,3.1222490101333733,56.3829787234043,0,
NSE:HCLTECH,1190.0,1194.9,1167.5,1170.5,2838968.0,2.319410401755249,40.2027027027027,0,
NSE:HCLTECH,1165.6,1180.75,1163.0,1173.3,3391918.0,1.8873355900429942,42.03778677462884,0,
NSE:HCLTECH,1179.0,1180.0,1162.55,1165.35,2656091.0,0.8931193063363025,48.93951296150823,0,
NSE:HCLTECH,1164.0,1164.0,1131.75,1133.5,5679058.0,-2.4367438140188824,35.77586206896546,-1,
NSE:HCLTECH,1129.8,1141.7,1119.55,1131.15,2906617.0,-5.205306158297162,33.355727242190106,0,
NSE:HCLTECH,1135.0,1143.1,1123.0,1125.1,1971580.0,-7.797709064403534,26.65505226480836,0,
NSE:HCLTECH,1110.0,1112.75,1084.6,1101.75,4391701.0,-11.602609243667303,24.82154445165478,0,
NSE:HCLTECH,1115.9,1115.95,1058.75,1070.25,3422431.0,-16.9642534383197,22.473560517038777,0,
NSE:HCLTECH,1075.0,1094.8,1064.7,1089.4,2573318.0,-19.444011671299904,28.90625000000003,0,
NSE:HCLTECH,1095.0,1105.05,1081.1,1099.2,2547848.0,-20.383491635357814,32.892690513219286,0,
NSE:HCLTECH,1086.6,1134.95,1081.1,1102.05,9567571.0,-20.65991050594039,34.1224909933093,0,
NSE:HCLTECH,1096.9,1098.0,1077.3,1089.85,3565801.0,-21.61425679479089,30.10967098703883,0,
NSE:HCLTECH,1104.0,1107.0,1085.05,1094.3,3213714.0,-21.760661929419484,25.286437516653354,0,
NSE:HCLTECH,1087.0,1099.9,1074.6,1095.6,3288792.0,-21.5236783519415,22.348379950152268,0,
NSE:HCLTECH,1092.0,1102.3,1073.3,1092.5,5202061.0,-21.340016821416384,25.425330812854412,0,
NSE:HCLTECH,1094.0,1100.5,1074.35,1079.25,2988180.0,-22.009911441986333,22.199231451374512,0,
NSE:HCLTECH,1073.0,1082.0,1062.0,1066.9,2584604.0,-23.26911763825069,21.6364160184385,0,
NSE:HCLTECH,1075.9,1076.0,1035.8,1044.95,3385725.0,-25.74149722064294,22.945310113046126,0,
NSE:HCLTECH,1059.0,1075.2,1047.1,1072.05,2982126.0,-25.223372993506928,34.31528662420378,0,
NSE:HCLTECH,1049.9,1056.65,1028.95,1050.2,4075606.0,-26.273009305653886,31.66013712047012,0,
NSE:HCLTECH,1044.0,1082.9,1034.1,1076.1,4207192.0,-24.72986955812621,43.79685610640867,0,
NSE:HCLTECH,1073.0,1085.0,1066.6,1072.55,2473518.0,-23.522225943303965,50.64317673378075,0,
NSE:HCLTECH,1069.0,1079.3,1054.05,1060.9,2895668.0,-23.23735159045691,41.68126094570925,0,
NSE:HCLTECH,1050.1,1070.95,1043.75,1059.4,3195189.0,-22.869004429787765,37.79141104294475,0,
NSE:HCLTECH,1070.0,1078.0,1045.1,1052.15,2496626.0,-22.89814549274206,35.09557945041814,0,
NSE:HCLTECH,1054.0,1066.95,1040.2,1044.55,1415370.0,-23.266297089156296,36.08722358722356,0,
NSE:HCLTECH,1058.2,1086.0,1045.35,1082.9,2620776.0,-20.2303327035645,47.10218607015763,0,
NSE:HCLTECH,1083.55,1097.35,1070.8,1073.7,2865869.0,-18.35508615982667,44.64809384164226,0,
NSE:HCLTECH,1055.1,1058.3,1004.6,1009.4,4729354.0,-21.806045863053896,34.36794582392775,0,
NSE:HCLTECH,1029.0,1034.5,1016.8,1028.85,2005622.0,-22.70972032155896,40.735294117647044,0,
NSE:HCLTECH,1023.0,1037.0,1014.75,1018.3,2285466.0,-24.00052258595406,41.006661732050304,0,
NSE:HCLTECH,1022.05,1022.4,987.0,991.75,3418456.0,-26.856273390412298,40.320232896652094,0,
NSE:HCLTECH,992.0,992.79999,963.0,974.45001,3904551.0,-30.1676867740714,31.584906852260637,0,
NSE:HCLTECH,977.0,986.0,969.04999,980.70001,4278059.0,-31.919732168401765,36.06656118951727,0,
NSE:HCLTECH,989.0,1010.45,989.0,1003.9,2795530.0,-31.077948221869633,35.36684113229358,0,
NSE:HCLTECH,1019.0,1053.35,1015.65,1039.9,3562969.0,-27.19247136094714,44.15188924606051,0,
NSE:HCLTECH,1045.0,1045.8,1020.45,1040.75,5185485.0,-23.770602351837624,46.24557452920249,0,
NSE:HCLTECH,1040.75,1045.45,1011.55,1017.9,2554081.0,-22.641552816474587,42.83741752415721,0,
NSE:HCLTECH,1011.4,1048.9,1007.3,1039.7,3560227.0,-19.759915114221485,47.95398507503599,0,
NSE:HCLTECH,1053.95,1069.65,1040.2,1043.0,3556955.0,-17.01378967668188,49.74162358670603,0,
NSE:HCLTECH,1038.0,1047.35,1021.15,1037.3,1997494.0,-15.123078411638971,41.47025749870985,0,
NSE:HCLTECH,1030.0,1033.75,1013.15,1022.9,1839248.0,-14.618127096728813,40.678898398451246,0,
NSE:HCLTECH,1023.1,1033.8,1016.0,1030.2,1665512.0,-13.473585444343598,54.825986526773704,0,
NSE:HCLTECH,1024.95,1031.7,1011.7,1028.65,1654005.0,-12.54696636689846,49.949392707428466,0,
NSE:HCLTECH,1012.0,1023.75,1008.2,1015.35,2260855.0,-12.73896604847937,49.26378829685935,0,
NSE:HCLTECH,996.0,1002.0,982.5,991.79999,1738804.0,-14.622853023524726,50.01266531607121,0,
NSE:HCLTECH,988.0,1000.95,978.15002,996.90002,2461791.0,-15.525350647580012,56.0626536220383,0,
NSE:HCLTECH,989.0,1007.0,988.0,989.90002,2408630.0,-16.613913166169255,52.474450918593185,0,
NSE:HCLTECH,1007.0,1007.0,961.65002,964.95001,3198618.0,-19.26775738254355,39.621641454398784,0,
NSE:HCLTECH,952.40002,963.15002,944.04999,958.75,4302066.0,-21.62199216879071,24.295226748725984,0,
NSE:HCLTECH,965.0,966.0,952.09998,960.04999,1305407.0,-23.116370737288662,24.51042813947315,0,
NSE:HCLTECH,971.70001,999.90002,963.65002,986.59998,2128325.0,-21.905797812467654,40.339502385308066,0,
NSE:HCLTECH,977.95001,979.0,959.15002,961.29999,2575065.0,-22.725937340742234,26.314200668120723,0,
NSE:HCLTECH,962.09998,977.5,958.59998,971.25,2169033.0,-22.315778767843426,29.160620584229918,0,
NSE:HCLTECH,984.0,984.54999,960.0,966.70001,1922313.0,-22.103080754685152,29.356731691801496,0,
NSE:HCLTECH,986.15002,1006.8,984.20001,992.34998,3626024.0,-19.63839859902339,41.61865020576132,0,
NSE:HCLTECH,989.90002,1007.0,983.25,1001.95,2702471.0,-16.717766840610125,42.34624845881892,0,
NSE:HCLTECH,985.09998,1000.25,985.0,987.54999,3150015.0,-15.387725470450277,39.589664702685184,0,
NSE:HCLTECH,990.0,996.54999,969.95001,973.25,3741119.0,-15.311051514109067,39.39012203728608,0,
NSE:HCLTECH,964.5,981.45001,964.20001,975.34998,2827579.0,-14.90897463647309,45.35179120383109,0,
NSE:HCLTECH,975.34998,989.5,973.45001,984.59998,2738846.0,-13.686162556997715,46.60407434656527,0,
NSE:HCLTECH,987.40002,1002.65,978.45001,982.15002,2476050.0,-12.767589645078374,47.80515335266082,0,
NSE:HCLTECH,982.0,999.0,980.04999,986.59998,2998254.0,-11.547427852035298,56.9368753719564,0,
NSE:HCLTECH,997.0,1000.9,984.95001,989.84998,2985141.0,-10.200606756607954,60.15676304341493,0,
NSE:HCLTECH,999.0,999.0,979.15002,983.54999,3141642.0,-9.53172211766514,57.432011641250035,0,
NSE:HCLTECH,975.0,979.15002,940.0,943.54999,5787815.0,-12.08992677812114,37.45263112120107,0,
NSE:HCLTECH,935.0,948.54999,924.40002,927.79999,5305354.0,-15.212851491833135,39.66048616826135,0,
NSE:HCLTECH,930.0,936.0,905.0,917.75,12874342.0,-18.287930153666366,33.49782658664848,0,
NSE:HCLTECH,926.15002,927.54999,892.29999,903.0,4916497.0,-21.665408533693494,31.514782918872754,0,
NSE:HCLTECH,896.0,905.0,877.34998,883.15002,5591590.0,-25.648155999142546,17.20719558476558,0,
NSE:HCLTECH,895.0,907.5,888.84998,900.29999,5156225.0,-27.108166737039824,20.7985896912395,0,
NSE:HCLTECH,890.0,897.5,885.0,889.70001,4636293.0,-28.7887072668791,21.26282086674986,0,
NSE:HCLTECH,904.59998,918.79999,895.09998,917.40002,4827089.0,-27.56760623166042,34.79443649876704,0,
NSE:HCLTECH,921.0,926.95001,913.54999,924.45001,3498709.0,-25.734350021940372,36.50582823961187,0,
NSE:HCLTECH,929.40002,931.90002,909.0,920.25,3514659.0,-24.339812763362602,32.47070659391474,0,
NSE:HCLTECH,920.25,932.0,914.0,930.65002,2120224.0,-22.140218583413002,36.55351778251579,0,
NSE:HCLTECH,928.5,929.65002,911.09998,913.5,2780103.0,-21.532672390194193,32.100882879702816,0,
NSE:HCLTECH,912.09998,929.34998,911.09998,928.45001,1742497.0,-19.618694690205757,35.78045888565896,0,
NSE:HCLTECH,935.90002,949.0,932.70001,946.09998,2843497.0,-16.487589829072817,41.76017200443828,0,
NSE:HCLTECH,957.0,965.70001,947.15002,948.40002,3617725.0,-13.663073258907957,51.279353800018676,0,
NSE:HCLTECH,954.0,956.5,945.20001,952.15002,2489519.0,-10.995283088449355,56.85723215191396,0,
NSE:HCLTECH,952.15002,953.84998,941.04999,951.04999,2545241.0,-8.86758340403378,59.87544011706285,0,
NSE:HCLTECH,951.0,961.79999,950.04999,957.20001,4119614.0,-6.608927259217694,66.93749783203192,0,
NSE:HCLTECH,965.0,969.95001,945.79999,958.09998,3513266.0,-4.692216977561657,76.56857098374445,0,
NSE:HCLTECH,962.90002,964.95001,955.0,957.75,2565683.0,-3.164966962274775,73.1187069944841,0,
NSE:HCLTECH,957.75,968.0,950.04999,966.04999,1746911.0,-1.27022809602704,81.30378943642992,0,
NSE:HCLTECH,966.04999,967.0,948.09998,952.04999,3271939.0,-0.8880796612628501,66.0045976884075,0,
NSE:HCLTECH,965.0,968.5,958.75,962.34998,3594584.0,0.24309657293997589,66.99549462085439,1,
NSE:HCLTECH,964.0,964.0,954.0,956.40002,3022304.0,0.6519347442050503,65.96027373068435,0,
NSE:HCLTECH,969.0,969.0,952.65002,958.20001,2784861.0,1.1084090408462544,63.162923028071575,0,
NSE:HCLTECH,963.0,982.90002,955.0,980.59998,4649125.0,3.2403063497151834,80.52776562530713,0,
NSE:HCLTECH,983.45001,983.45001,968.09998,973.5,2829269.0,4.307289525042961,72.07253236627696,0,
NSE:HCLTECH,974.5,987.04999,966.79999,970.04999,2880969.0,4.818944610840617,63.631206080642336,0,
NSE:HCLTECH,965.0,970.0,955.20001,959.45001,3616799.0,4.319314782210995,55.746232418202965,0,
NSE:HCLTECH,949.95001,951.0,939.0,946.90002,3753715.0,2.8775051468776383,47.498805620131364,0,
NSE:HCLTECH,949.90002,953.79999,944.15002,949.15002,1494361.0,1.8945773112532152,49.10463098762744,0,
NSE:HCLTECH,953.90002,953.90002,942.65002,943.79999,3316314.0,0.6761035105645306,43.637207805823785,0,
NSE:HCLTECH,948.54999,956.0,943.75,945.65002,2195046.0,-0.1386653476452011,44.141189779943346,-1,
NSE:HCLTECH,912.59998,922.0,900.09998,917.5,4974880.0,-3.0210224263264536,34.98693844995379,0,
NSE:HCLTECH,926.90002,945.25,923.70001,938.95001,2998417.0,-3.533739881973247,40.794841248598175,0,
NSE:HCLTECH,917.29999,931.0,916.25,926.04999,2953921.0,-4.9242324767737955,41.10198372374863,0,
NSE:HCLTECH,931.20001,937.0,919.0,924.45001,1750283.0,-6.085166874674314,36.208159288535526,0,
NSE:HCLTECH,926.0,942.29999,922.5,936.0,2279812.0,-6.004017506936293,42.867125874125854,0,
NSE:HCLTECH,936.0,942.90002,927.04999,937.79999,2108615.0,-5.7284281446692376,42.867125874125854,0,
NSE:HCLTECH,927.0,932.54999,923.09998,931.70001,2709547.0,-5.933837411899731,30.702460086625123,0,
NSE:HCLTECH,936.40002,940.90002,928.0,931.04999,3214686.0,-6.079001967001545,32.34927553044677,0,
NSE:HCLTECH,939.0,953.0,934.29999,948.5,2206526.0,-4.731434915107002,41.973935950116974,0,
NSE:HCLTECH,955.15002,963.5,953.5,955.54999,2517615.0,-3.0593369124533183,48.50802669868705,0,
NSE:HCLTECH,955.0,959.79999,950.45001,955.40002,2442828.0,-1.7263878002607953,53.59256007014031,0,
NSE:HCLTECH,933.29999,938.45001,926.54999,932.0,6761712.0,-2.529048777315097,43.850838070632584,0,
NSE:HCLTECH,936.5,936.70001,916.29999,919.90002,2995215.0,-4.094333716291203,41.82627620887306,0,
NSE:HCLTECH,915.09998,918.0,893.40002,896.90002,5095937.0,-7.1087953212863795,35.43471591690658,0,
NSE:HCLTECH,897.95001,907.15002,887.5,897.79999,2686561.0,-9.317748597891864,42.969300555681926,0,
NSE:HCLTECH,902.29999,920.84998,902.0,914.0,1836721.0,-9.649916337706486,40.74897183854673,0,
NSE:HCLTECH,909.0,913.75,898.84998,900.95001,1819649.0,-10.841216004652892,40.70370422496609,0,
NSE:HCLTECH,897.59998,904.90002,889.75,897.65002,2315711.0,-11.91427088895955,40.19751000567593,0,
NSE:HCLTECH,896.5,912.59998,892.0,895.84998,2569608.0,-12.762801172801346,34.18667481265844,0,
NSE:HCLTECH,891.25,917.40002,882.0,906.70001,4182702.0,-12.4166296154375,38.56618382352943,0,
NSE:HCLTECH,911.25,921.45001,907.59998,918.75,3545337.0,-11.042659767184546,45.43853149429153,0,
NSE:HCLTECH,913.0,926.95001,911.84998,920.79999,4154139.0,-9.676813421491374,46.424833822788116,0,
NSE:HCLTECH,927.0,931.0,916.59998,923.04999,2928360.0,-8.316941630176302,40.07022397274068,0,
NSE:HCLTECH,921.90002,935.54999,910.04999,932.34998,3229901.0,-6.414855507292032,41.104288597612396,0,
NSE:HCLTECH,932.34998,932.84998,916.0,930.25,1598950.0,-5.019033097541865,40.4986687568823,0,
NSE:HCLTECH,942.5,951.0,937.04999,946.0,2331351.0,-2.6118328266830986,55.61347413423389,0,
NSE:HCLTECH,955.5,967.95001,955.5,964.54999,3713623.0,0.7836860502198988,67.02248578478515,1,
NSE:HCLTECH,965.0,972.95001,955.0,957.70001,2174327.0,2.888624816451852,76.43478975425643,0,
NSE:HCLTECH,942.20001,967.15002,942.20001,963.25,2758812.0,4.947608809181133,77.35061697048485,0,
NSE:HCLTECH,968.09998,972.0,936.0,938.59998,3134969.0,4.5380065378529935,59.60186722901907,0,
NSE:HCLTECH,943.29999,963.90002,943.29999,952.0,3502390.0,5.2343253675776396,69.87153990879408,0,
NSE:HCLTECH,972.04999,989.04999,969.29999,982.09998,9698562.0,8.12136188240379,77.19805475040256,0,
NSE:HCLTECH,1005.0,1023.0,994.0,1002.55,7424383.0,11.922074571997996,80.67856017004719,0,
NSE:HCLTECH,1005.7,1006.8,991.09998,994.59998,2136170.0,14.129787196928078,75.70175012311407,0,
NSE:HCLTECH,1000.0,1013.65,999.09998,1009.2,2487826.0,16.863127319628916,76.05877268798619,0,
NSE:HCLTECH,1006.5,1006.5,994.0,995.65002,2517099.0,17.731550637190935,70.22427291133604,0,
NSE:HCLTECH,990.0,1019.3,988.0,1017.4,3931399.0,19.944911462777213,73.06282665306675,0,
NSE:HCLTECH,1022.5,1029.9,1011.6,1027.2,2071897.0,22.233500013162143,73.12851237537308,0,
NSE:HCLTECH,1035.0,1038.85,1030.0,1031.6,398105.0,24.124177652202548,74.43935374969857,0,
NSE:HCLTECH,1036.0,1037.25,1020.9,1026.5,3068136.0,24.92372078646838,70.46263345195733,0,
NSE:HCLTECH,1031.0,1037.45,1019.6,1032.05,3313674.0,25.708847506631628,68.37234793835887,0,
NSE:HCLTECH,1031.95,1039.75,1025.5,1030.0,2423629.0,25.867464196142464,70.20681326884072,0,
NSE:HCLTECH,1039.0,1052.5,1036.4,1041.15,2418565.0,26.586409303922892,71.11110653417748,0,
NSE:HCLTECH,1049.0,1061.85,1045.0,1060.05,2275488.0,28.35439866980289,83.97202976536734,0,
NSE:HCLTECH,1064.95,1066.35,1042.5,1045.2,2799322.0,28.231833088429198,75.86015538290796,0,
NSE:HCLTECH,1034.0,1049.2,1033.1,1045.15,2396164.0,27.810087027940654,70.99567485905108,0,
NSE:HCLTECH,1045.15,1049.0,1033.45,1045.35,1709158.0,27.178689550031436,66.47421093148581,0,
NSE:HCLTECH,1048.1,1055.7,1038.65,1047.15,2213508.0,26.51786600409082,71.23233474461988,0,
NSE:HCLTECH,1060.9,1061.45,1049.2,1053.45,2307691.0,26.200492958079394,69.16414696029352,0,
NSE:HCLTECH,1050.0,1062.4,1047.05,1052.45,2321667.0,25.573485666098122,77.59960691926291,0,
NSE:HCLTECH,1071.0,1098.7,1069.1,1090.65,3923101.0,27.83809834997487,80.68705488060343,0,
NSE:HCLTECH,1095.0,1102.95,1090.05,1099.0,2170007.0,29.961221126801547,80.44953350296875,0,
NSE:HCLTECH,1093.5,1106.1,1088.9,1103.9,2172420.0,31.674081181274914,80.53209459459477,0,
NSE:HCLTECH,1107.5,1112.45,1099.35,1105.2,2213697.0,32.758811068041496,84.3368237347296,0,
NSE:HCLTECH,1095.1,1100.6,1089.1,1092.55,2460883.0,32.22623407256765,74.85620377978638,0,
NSE:HCLTECH,1098.05,1106.0,1084.0,1103.15,2623894.0,32.28730640862,78.08061420345493,0,
NSE:HCLTECH,1098.9,1106.35,1092.6,1095.5,1733741.0,31.35695218292176,71.43984220907295,0,
NSE:HCLTECH,1091.1,1105.9,1088.0,1103.4,2529146.0,30.900897422811568,68.72570194384451,0,
NSE:HCLTECH,1108.95,1111.5,1099.75,1103.4,2217599.0,30.191442583149183,78.84043607532203,0,
NSE:HCLTECH,1106.0,1135.0,1103.5,1129.6,3295202.0,31.381568363092583,83.2349468713104,0,
NSE:HCLTECH,1135.2,1137.55,1120.65,1128.2,1977441.0,31.844697468597133,82.30019493177387,0,
NSE:HCLTECH,1125.0,1132.75,1117.0,1118.8,2368293.0,31.09478782227052,76.37099742362892,0,
NSE:HCLTECH,1118.8,1138.75,1118.05,1128.95,1785948.0,30.962581827886197,77.02219040801712,0,
NSE:HCLTECH,1127.0,1129.9,1117.0,1120.8,6053488.0,29.85600924735286,73.27204630575407,0,
NSE:HCLTECH,1130.0,1150.65,1128.4,1136.4,3919684.0,29.89324145066871,68.41046277665988,0,
NSE:HCLTECH,1136.4,1140.4,1123.85,1135.55,2944923.0,29.513941992290256,65.65310492505343,0,
NSE:HCLTECH,1133.25,1141.95,1127.2,1130.85,2646466.0,28.505500057751078,61.56156156156142,0,
NSE:HCLTECH,1121.6,1125.0,1107.0,1120.95,2807894.0,26.600817629747553,56.292449061126625,0,
NSE:HCLTECH,1114.0,1116.6,1102.0,1105.9,2399879.0,23.60483205077344,55.23324186593497,0,
NSE:HCLTECH,1113.75,1113.75,1098.8,1101.35,1752350.0,20.625586003989838,49.25925925925919,0,
NSE:HCLTECH,1075.0,1075.0,1020.7,1027.5,12415478.0,12.165201368999988,31.885988279168913,0,
NSE:HCLTECH,1025.0,1039.15,1012.45,1028.4,4275785.0,5.469854986954033,29.247371333702297,0,
NSE:HCLTECH,1032.1,1046.9,1031.1,1044.7,2284909.0,1.4621636051576843,35.101522842639596,0,
NSE:HCLTECH,1045.0,1057.3,1045.0,1056.2,2425507.0,-0.777049455852648,29.86834887548006,-1,
NSE:HCLTECH,1051.55,1051.8,1037.1,1042.35,1906369.0,-3.6274067035860753,27.95892169448015,0,
NSE:HCLTECH,1030.0,1046.45,1022.35,1029.65,5159215.0,-6.832360026413198,27.493057308760495,0,
NSE:HCLTECH,1029.65,1037.5,1023.35,1033.25,3328172.0,-8.97832220211626,25.013054830287224,0,
NSE:HCLTECH,1027.0,1033.35,1011.5,1029.7,2629849.0,-10.84050542009345,25.628678437667237,0,
NSE:HCLTECH,1035.0,1053.25,1035.0,1040.35,2878658.0,-11.32636970289468,23.60538609508099,0,
NSE:HCLTECH,1046.0,1054.65,1033.6,1039.1,2623451.0,-11.677672264030889,23.55360570331774,0,
NSE:HCLTECH,1029.5,1044.1,1027.1,1030.6,2177675.0,-12.497893105216917,23.072790760139622,0,
NSE:HCLTECH,1031.0,1041.75,1029.0,1031.7,1680715.0,-12.910340851386081,24.837891175641374,0,
NSE:HCLTECH,1039.0,1040.75,1030.35,1036.35,554319.0,-12.715417110049657,29.1704103024857,0,
NSE:HCLTECH,1030.0,1038.3,1026.5,1035.45,1397806.0,-12.489588912591671,29.822412737293302,0,
NSE:HCLTECH,1030.0,1046.0,1028.1,1044.45,1277244.0,-11.452377773129228,58.60843067546983,0,
NSE:HCLTECH,1050.0,1055.25,1034.3,1039.3,1860560.0,-10.920062746221447,55.306718597857795,0,
NSE:HCLTECH,1039.1,1042.5,1031.5,1039.45,701880.0,-10.366595841991966,46.96707105719236,0,
NSE:HCLTECH,1039.0,1045.8,1033.5,1041.35,2484372.0,-9.663263129652705,40.350877192982324,0,
NSE:HCLTECH,1036.2,1042.0,1031.5,1036.6,1219170.0,-9.381013703977715,45.76271186440675,0,
NSE:HCLTECH,1041.8,1049.8,1033.1,1044.1,2294943.0,-8.454681376694225,61.53232242617709,0,
NSE:HCLTECH,1044.0,1047.9,1025.25,1032.8,1887689.0,-8.53399728692284,49.68017057569293,0,
NSE:HCLTECH,1044.95,1071.0,1040.05,1067.45,4562242.0,-5.734783287393384,68.60522424839826,0,
NSE:HCLTECH,1061.0,1072.6,1056.3,1063.85,2297082.0,-3.763492737478373,62.44703389830507,0,
NSE:HCLTECH,1069.0,1079.6,1050.55,1054.8,3594167.0,-2.898082845237468,57.68101761252448,0,
NSE:HCLTECH,1061.0,1074.5,1061.0,1071.65,4748542.0,-0.842869022595778,68.56625961103578,0,
NSE:HCLTECH,1043.9,1084.0,1041.0,1077.8,8253765.0,1.2675448728934953,69.939446366782,1,
NSE:HCLTECH,1087.0,1100.45,1078.55,1093.7,4508538.0,4.1749341656800425,72.60543949546712,0,
NSE:HCLTECH,1097.9,1113.95,1095.0,1111.05,4390338.0,7.789271256430993,76.37822749476616,0,
NSE:HCLTECH,1118.95,1125.85,1114.1,1115.15,6905092.0,10.859315743413163,75.54190751445083,0,
NSE:HCLTECH,1102.35,1113.35,1098.75,1111.4,2298287.0,12.841723068047031,76.3138686131387,0,
NSE:HCLTECH,1111.05,1121.4,1107.05,1107.8,4747128.0,13.961367290275348,74.33250266998924,0,
NSE:HCLTECH,1111.0,1122.9,1108.15,1121.2,1696834.0,15.748423392701625,76.27509049029283,0,
NSE:HCLTECH,1125.9,1143.7,1121.2,1137.85,4861107.0,18.297274488417997,80.89716203844975,0,
NSE:HCLTECH,1134.85,1134.85,1116.75,1122.75,2692236.0,18.881163244452864,72.93671624380285,0,
NSE:HCLTECH,1122.75,1134.3,1105.0,1115.6,3864525.0,18.553085623176003,74.74596533173931,0,
NSE:HCLTECH,1115.6,1139.95,1105.8,1134.75,3508427.0,19.612248904247735,72.16732542819491,0,
NSE:HCLTECH,1136.0,1137.7,1113.0,1122.2,4582858.0,19.217436672560325,68.149300155521,0,
NSE:HCLTECH,1137.0,1137.0,1114.45,1132.1,2393911.0,19.478852312434128,73.91707920792075,0,
NSE:HCLTECH,1137.8,1155.5,1135.0,1149.6,3048359.0,20.857695308774964,74.02157164869024,0,
NSE:HCLTECH,1154.0,1156.65,1138.6,1146.15,1814055.0,21.425077196975963,71.41961767471018,0,
NSE:HCLTECH,1135.2,1149.85,1128.0,1145.7,2070175.0,21.58954930656978,68.04302567661348,0,
NSE:HCLTECH,1147.85,1153.0,1125.9,1128.25,1931191.0,20.08035167953858,55.96393897364772,0,
NSE:HCLTECH,1133.9,1149.0,1132.7,1145.0,2848255.0,20.005278305886577,59.51546063117625,0,
NSE:HCLTECH,1144.0,1152.0,1138.0,1146.35,1501083.0,19.826172063784725,61.31434121074777,0,
NSE:HCLTECH,1125.8,1130.0,1100.0,1115.65,3185163.0,17.010904528647416,52.16193885981827,0,
NSE:HCLTECH,1121.25,1121.25,1105.0,1113.0,2009185.0,14.399958117601045,47.59953161592504,0,
NSE:HCLTECH,1121.0,1142.4,1118.0,1125.45,3938046.0,13.183405138945318,46.278511404561854,0,
NSE:HCLTECH,1125.0,1134.6,1119.6,1132.9,1648954.0,12.674329099953411,53.192827933312394,0,
NSE:HCLTECH,1138.6,1152.15,1124.0,1128.15,2369355.0,11.752126173678107,54.00830405621214,0,
NSE:HCLTECH,1121.7,1121.7,1107.55,1109.55,1958807.0,9.411914465927566,41.92307692307689,0,
NSE:HCLTECH,1109.55,1134.7,1107.6,1115.7,1706036.0,7.961755270784806,47.827540106951865,0,
NSE:HCLTECH,1121.0,1122.05,1103.1,1105.2,1313278.0,5.8972515678010495,41.04527296937421,0,
NSE:HCLTECH,1095.0,1105.55,1090.05,1092.6,2212194.0,3.207429560416813,30.385409497591215,0,
NSE:HCLTECH,1104.8,1111.95,1092.5,1094.35,2139983.0,1.203068391550005,31.96378830083564,0,
NSE:HCLTECH,1097.0,1104.5,1082.0,1094.85,1684570.0,-0.3411241868104753,32.300730943264874,-1,
NSE:HCLTECH,1090.0,1090.0,1076.0,1083.95,1834553.0,-2.416589891374315,33.843909555069324,0,
NSE:HCLTECH,1083.5,1096.9,1068.1,1077.6,20793703.0,-4.521680230946004,23.401736385161822,0,
NSE:HCLTECH,1077.35,1104.0,1077.35,1101.1,1655100.0,-4.244794539943996,34.800134363453175,0,
NSE:HCLTECH,1090.3,1117.0,1090.3,1105.95,4074162.0,-3.592592992407617,46.05691056910569,0,
NSE:HCLTECH,1115.0,1129.7,1111.05,1119.0,3253621.0,-1.9996420022591792,52.248875562218885,0,
NSE:HCLTECH,1129.0,1148.0,1123.3,1126.7,4091674.0,-0.11457051992306333,50.48581422464049,0,
NSE:HCLTECH,1112.0,1124.0,1107.3,1120.65,3209393.0,0.8810219009374123,45.18664047151278,1,
NSE:HCLTECH,1121.95,1126.7,1114.05,1116.65,1834324.0,1.3319159981820121,45.45454545454547,0,
NSE:HCLTECH,1105.0,1118.15,1105.0,1116.3,1193681.0,1.6420818464714557,53.117782909930696,0,
NSE:HCLTECH,1120.95,1133.6,1095.0,1098.6,3028387.0,0.45441028206596457,42.86310517529212,0,
NSE:HCLTECH,1098.55,1103.4,1066.0,1084.05,3683544.0,-1.6419638528052474,41.4614452967299,-1,
NSE:HCLTECH,1095.05,1097.9,1075.5,1079.65,1528510.0,-3.6167075328003193,44.401210549070555,0,
NSE:HCLTECH,1083.95,1087.55,1069.65,1072.4,1812907.0,-5.701002922736279,40.94098225340495,0,
NSE:HCLTECH,1088.2,1117.1,1084.05,1108.45,5350523.0,-4.393245716301635,54.33950223356737,0,
NSE:HCLTECH,1105.0,1108.3,1086.25,1090.85,2066169.0,-4.722572740134183,52.11138310893509,0,
NSE:HCLTECH,1099.0,1102.4,1077.1,1083.9,2421127.0,-5.481189949802001,51.920731707317124,0,
NSE:HCLTECH,1091.95,1105.75,1079.05,1081.45,1382329.0,-6.2085260548146834,43.12696747114381,0,
NSE:HCLTECH,1077.0,1080.4,1061.0,1065.9,2178855.0,-7.948079686322444,36.96713309469574,0,
NSE:HCLTECH,1073.0,1090.0,1047.05,1051.75,2688253.0,-10.349176352759287,28.271405492730207,0,
NSE:HCLTECH,1053.3,1065.5,1044.8,1051.5,1459887.0,-12.13238113298462,24.473862864901534,0,
NSE:HCLTECH,1056.8,1063.8,1039.35,1041.1,2965015.0,-14.220847771247008,23.771843059676844,0,
NSE:HCLTECH,1046.0,1070.0,1042.1,1067.5,2478745.0,-13.589066957677687,35.88049411088767,0,
NSE:HCLTECH,1083.4,1096.9,1069.4,1085.25,3131614.0,-11.523266411915984,41.89083311569601,0,
NSE:HCLTECH,1089.95,1099.25,1088.0,1098.15,1540702.0,-8.744382606411364,49.879453522636,0,
NSE:HCLTECH,1085.35,1113.0,1066.15,1111.2,3342291.0,-5.4265177148461134,57.33189305968136,0,
NSE:HCLTECH,1109.05,1109.05,1085.45,1091.85,2378264.0,-4.3088000053310225,53.0484757621189,0,
NSE:HCLTECH,1091.85,1105.0,1091.5,1103.1,711625.0,-2.4865562157640397,57.52082312591861,0,
NSE:HCLTECH,1104.0,1109.9,1085.0,1087.0,2318905.0,-2.314865996407889,44.17594352430084,0,
NSE:HCLTECH,1092.0,1097.45,1080.1,1094.5,2715967.0,-1.5556800297167683,51.048549267451904,0,
NSE:HCLTECH,1089.0,1089.0,1063.0,1071.85,3071057.0,-2.749985269150102,46.82476943346504,0,
NSE:HCLTECH,1055.0,1055.0,1016.25,1042.2,9509446.0,-6.0195978041003855,40.95413689790276,0,
NSE:HCLTECH,1049.55,1066.4,1045.2,1063.85,3686404.0,-6.785595114342414,49.54046177986994,0,
NSE:HCLTECH,1073.95,1073.95,1036.45,1038.7,4322881.0,-9.314674544140644,47.212134159367665,0,
NSE:HCLTECH,1040.0,1047.2,1031.85,1037.5,3057560.0,-11.285723390345765,47.021276595744695,0,
NSE:HCLTECH,1054.0,1074.0,1037.75,1048.95,7708194.0,-11.787989883636328,51.66278330862109,0,
NSE:HCLTECH,1057.0,1058.9,1046.0,1054.05,2033625.0,-11.640329844093003,46.8684516880093,0,
NSE:HCLTECH,1050.45,1058.8,1044.4,1053.45,1237595.0,-11.439851695230573,41.953441295546554,0,
NSE:HCLTECH,1055.0,1067.0,1048.0,1065.55,1647101.0,-10.187171074951038,41.71747967479669,0,
NSE:HCLTECH,1065.55,1075.0,1061.0,1071.25,1654910.0,-8.634932172168647,39.45632092900498,0,
NSE:HCLTECH,1059.95,1068.75,1053.75,1064.1,2629188.0,-7.8907571666022704,42.172073342736226,0,
NSE:HCLTECH,1064.1,1074.8,1064.0,1067.55,1905168.0,-6.942577237265596,39.510179994098536,0,
NSE:HCLTECH,1062.0,1064.0,1055.0,1058.95,1649820.0,-6.806623420978667,41.339919728311195,0,
NSE:HCLTECH,1056.05,1067.95,1048.3,1066.8,1403672.0,-5.996327713962046,41.46642020948856,0,
NSE:HCLTECH,1066.8,1069.95,1052.1,1055.55,1641673.0,-6.190582328533537,44.59907223326706,0,
NSE:HCLTECH,1058.0,1077.5,1055.0,1075.75,1389075.0,-4.660832156718925,61.85931424531639,0,
NSE:HCLTECH,1071.0,1082.6,1066.05,1079.0,2981949.0,-3.1499357867021445,56.15603413246652,0,
NSE:HCLTECH,1084.15,1088.8,1072.1,1078.3,2091411.0,-1.9861288211709507,70.08113590263689,0,
NSE:HCLTECH,1082.15,1092.6,1080.05,1088.1,2653108.0,-0.2699139185901913,73.6007462686567,0,
NSE:HCLTECH,1086.0,1103.4,1077.45,1095.5,1585037.0,1.6680882292275783,72.56422685409599,1,
NSE:HCLTECH,1098.95,1105.95,1092.8,1099.75,1523466.0,3.5064877669283305,72.33626588465302,0,
NSE:HCLTECH,1100.2,1105.3,1088.1,1090.7,1166324.0,4.184931988580729,66.81715575620767,0,
NSE:HCLTECH,1090.5,1093.95,1062.7,1074.55,3602382.0,3.3804659857319166,53.9198606271777,0,
NSE:HCLTECH,1081.95,1085.0,1073.0,1079.9,1515743.0,3.1384431517537905,53.77894276976849,0,
NSE:HCLTECH,1088.6,1104.0,1082.45,1095.35,1984436.0,4.145537020839356,62.729124236252545,0,
NSE:HCLTECH,1095.35,1121.9,1088.95,1119.85,1864932.0,6.841744046238546,68.18497913769123,0,
NSE:HCLTECH,1120.0,1131.35,1104.0,1107.35,2138096.0,7.879037367605633,66.38456330399453,0,
NSE:HCLTECH,1099.05,1115.0,1098.0,1111.95,1302744.0,8.968893532578704,65.6282450674974,0,
NSE:HCLTECH,1109.2,1118.25,1103.05,1116.0,1124803.0,10.043636755476882,72.02185792349725,0,
NSE:HCLTECH,1115.0,1140.35,1114.0,1139.2,1635167.0,12.621926895861634,72.62032085561495,0,
NSE:HCLTECH,1146.0,1147.95,1124.4,1126.2,1288914.0,13.46107812384571,65.73333333333333,0,
NSE:HCLTECH,1129.0,1144.0,1128.05,1135.85,1983735.0,14.734930759743747,68.10317709971687,0,
NSE:HCLTECH,1134.8,1153.35,1132.1,1145.1,5967930.0,16.302935750720962,67.99242424242424,0,
NSE:HCLTECH,1148.0,1155.15,1137.65,1141.9,1445692.0,17.090370592646423,65.04539559014272,0,
NSE:HCLTECH,1148.0,1151.1,1131.6,1137.05,1336554.0,17.125650077429782,62.04780361757105,0,
NSE:HCLTECH,1144.0,1148.5,1136.0,1138.3,1435758.0,17.0578416956796,66.19047619047616,0,
NSE:HCLTECH,1130.0,1132.3,1113.75,1128.6,1943605.0,16.036534938517207,69.22803272856633,0,
NSE:HCLTECH,1133.8,1133.8,1116.2,1129.05,2459039.0,15.089510727765628,68.1164762255805,0,
NSE:HCLTECH,1129.05,1131.25,1118.3,1126.75,1385218.0,13.992104172586778,62.81632653061228,0,
NSE:HCLTECH,1129.1,1131.0,1105.95,1109.75,1824218.0,11.61673317724626,45.60869565217395,0,
NSE:HCLTECH,1112.95,1140.95,1111.5,1139.65,1670970.0,12.008488287139016,62.19788519637469,0,
NSE:HCLTECH,1144.95,1144.95,1129.3,1131.3,2014656.0,11.512473193327196,57.10613294160849,0,
NSE:HCLTECH,1138.0,1138.4,1126.05,1135.85,836964.0,11.35562406634267,57.2630808635199,0,
NSE:HCLTECH,1140.0,1147.0,1136.55,1143.6,2109652.0,11.721561370655763,51.81518151815177,0,
NSE:HCLTECH,1150.0,1154.25,1132.45,1148.2,2909817.0,12.241636906848044,59.75177304964537,0,
NSE:HCLTECH,1148.2,1153.9,1135.45,1137.55,1278608.0,11.660025011763537,50.74692442882252,0,
NSE:HCLTECH,1133.0,1170.75,1132.5,1168.65,3504867.0,13.5523800795836,58.6804275709547,0,
NSE:HCLTECH,1175.0,1175.7,1161.65,1170.45,2019683.0,15.02414111471785,60.633147113593964,0,
NSE:HCLTECH,1170.15,1170.45,1158.85,1163.4,972005.0,15.443621799057155,59.65555148406011,0,
NSE:HCLTECH,1161.9,1170.55,1151.0,1165.15,1699790.0,15.735880206456159,59.802847754655,0,
NSE:HCLTECH,1167.25,1175.95,1163.05,1167.5,1190307.0,15.972995708475537,65.00771604938271,0,
NSE:HCLTECH,1167.0,1174.45,1160.2,1170.0,1504039.0,16.176171720502452,65.55260159513861,0,
NSE:HCLTECH,1173.45,1173.95,1166.5,1170.25,1424076.0,16.170954388381006,66.78240740740735,0,
NSE:HCLTECH,1170.35,1194.0,1165.0,1187.95,3036648.0,17.394548166481172,80.00767459708358,0,
NSE:HCLTECH,1190.0,1195.0,1174.5,1181.6,1749952.0,17.648423084747947,69.64871194379376,0,
NSE:HCLTECH,1182.0,1193.0,1178.55,1190.6,1094468.0,18.36415502259524,77.60707635009301,0,
NSE:HCLTECH,1194.0,1202.6,1187.6,1194.8,1653610.0,19.050678278485748,77.53386268099011,0,
NSE:HCLTECH,1194.8,1198.0,1174.95,1180.65,2334220.0,18.242675948730493,66.32877919788457,0,
NSE:HCLTECH,1178.15,1182.95,1153.8,1157.6,2159585.0,15.56298550862357,53.563305534495775,0,
NSE:HCLTECH,1160.0,1161.9,1120.0,1124.5,3960400.0,10.645701140919982,45.7725947521866,0,
NSE:HCLTECH,1131.75,1131.75,1112.0,1114.9,4982603.0,5.905997421027905,29.770417764395923,0,
NSE:HCLTECH,1119.7,1124.5,1102.45,1110.55,3824027.0,1.7782409747189831,27.88035450516985,0,
NSE:HCLTECH,1100.0,1124.4,1087.05,1108.8,12294227.0,-1.6156222350641656,29.016141429669457,-1,
NSE:HCLTECH,1114.2,1157.1,1111.55,1150.95,6605038.0,-0.8938270605628986,45.83577712609969,0,
NSE:HCLTECH,1151.95,1172.0,1143.65,1153.75,3159479.0,-0.0947701339816831,45.97835624451594,0,
NSE:HCLTECH,1158.95,1170.0,1146.4,1167.2,2431478.0,1.605286092074948,49.23034634414515,1,
NSE:HCLTECH,1165.0,1174.9,1157.0,1169.05,2242397.0,3.066523464716738,49.673024523160755,0,
NSE:HCLTECH,1160.0,1162.8,1148.0,1155.8,1990001.0,3.1194413667612935,41.02206087685003,0,
NSE:HCLTECH,1110.0,1139.9,1095.0,1115.45,5259150.0,-0.09345134664295074,34.47547524055389,-1,
NSE:HCLTECH,1120.0,1127.7,1111.0,1112.9,2672505.0,-2.8130288133083923,31.19554695062927,0,
NSE:HCLTECH,1118.5,1119.0,1105.1,1111.55,2506726.0,-5.0193868990058945,29.570552147239265,0,
NSE:HCLTECH,1110.2,1120.85,1110.1,1115.0,1969964.0,-6.415600363309977,32.99663299663299,0,
NSE:HCLTECH,1115.0,1122.7,1108.95,1117.35,1769815.0,-7.248923158838124,38.32317957644328,0,
NSE:HCLTECH,1114.05,1118.5,1097.45,1103.55,2031899.0,-8.920057278880677,43.155831427638006,0,
NSE:HCLTECH,1108.0,1119.5,1096.0,1116.7,2526624.0,-9.078694469468019,50.57471264367814,0,
NSE:HCLTECH,1120.0,1142.0,1111.9,1138.5,2710536.0,-7.360490621985264,58.02930192473429,0,
NSE:HCLTECH,1137.0,1137.0,1121.5,1130.9,2701150.0,-6.536707087667082,56.14230127848809,0,
NSE:HCLTECH,1126.0,1135.55,1115.05,1125.5,1608187.0,-6.2475694800086785,41.11072301781347,0,
NSE:HCLTECH,1130.45,1152.35,1126.0,1144.35,3315303.0,-4.4461360896207225,47.04773869346731,0,
NSE:HCLTECH,1154.55,1155.75,1143.15,1150.8,1655404.0,-2.4695585206318356,44.612352168199706,0,
NSE:HCLTECH,1154.9,1156.9,1137.0,1141.35,1667697.0,-1.6466608979694684,41.33291614518146,0,
NSE:HCLTECH,1140.95,1146.0,1125.0,1144.15,1559337.0,-0.7598133486133065,46.09976565115505,0,
NSE:HCLTECH,1140.0,1144.8,1128.65,1134.3,1676669.0,-0.8420859142329391,57.93016407236006,0,
NSE:HCLTECH,1160.0,1186.95,1154.3,1171.45,7391806.0,2.066584707167067,69.07787552948835,1,
NSE:HCLTECH,1170.65,1177.0,1154.0,1171.0,1720940.0,4.286009442370414,69.48541461815795,0,
NSE:HCLTECH,1175.75,1186.25,1170.1,1177.15,2567226.0,6.46662985379885,70.0161030595813,0,
NSE:HCLTECH,1176.85,1180.95,1163.95,1176.7,2331256.0,8.065501915701134,69.35115748288226,0,
NSE:HCLTECH,1173.0,1177.85,1158.65,1173.7,3406088.0,8.986948666015223,74.60540161346889,0,
NSE:HCLTECH,1172.95,1188.9,1168.95,1179.25,1661946.0,10.049199553970539,73.17525009262678,0,
NSE:HCLTECH,1182.0,1187.0,1176.15,1179.5,1805887.0,10.786869627964506,68.07760141093465,0,
NSE:HCLTECH,1192.95,1195.0,1178.65,1182.5,2347850.0,11.481205217242405,73.71323529411747,0,
NSE:HCLTECH,1188.95,1189.0,1169.0,1171.25,2464221.0,10.99692449411532,69.95202791103348,0,
NSE:HCLTECH,1165.0,1170.8,1150.0,1153.95,2105159.0,9.112124218228018,54.24403183023876,0,
NSE:HCLTECH,1155.0,1159.7,1139.3,1146.45,2571967.0,6.933296375658529,48.09461235216825,0,
NSE:HCLTECH,1153.9,1163.3,1148.3,1157.55,1794652.0,6.032695685603585,56.99481865284973,0,
NSE:HCLTECH,1166.0,1175.15,1161.65,1170.5,1497356.0,6.2913966186306425,60.46050019849141,0,
NSE:HCLTECH,1179.5,1188.1,1165.9,1172.15,4483967.0,6.554009638881098,66.07218683651807,0,
NSE:HCLTECH,1173.0,1188.0,1171.1,1185.8,1669640.0,7.773959901027183,57.61273209549067,0,
NSE:HCLTECH,1186.0,1235.0,1185.0,1232.5,4517935.0,12.366525378195547,71.88612099644128,0,
NSE:HCLTECH,1236.75,1241.7,1225.2,1235.55,2842400.0,16.06706499274992,71.25181950509459,0,
NSE:HCLTECH,1239.85,1242.4,1222.7,1235.85,1767709.0,18.807179334719876,71.54826958105646,0,
NSE:HCLTECH,1238.0,1257.0,1230.3,1254.0,2582004.0,22.187528983445873,76.3451443569554,0,
NSE:HCLTECH,1259.0,1269.55,1254.3,1262.05,2280777.0,25.22526698192428,76.72692059393158,0,
NSE:HCLTECH,1276.55,1284.3,1270.4,1281.55,2691836.0,28.873349265838442,79.29945449325297,0,
NSE:HCLTECH,1285.0,1291.75,1265.5,1282.4,2140769.0,31.470298641943828,79.04069767441864,0,
NSE:HCLTECH,1282.0,1282.4,1266.1,1275.25,2275523.0,32.575939336705005,80.97081596188205,0,
NSE:HCLTECH,1280.85,1290.7,1275.6,1283.6,2655172.0,33.737043136455895,90.7832651777288,0,
NSE:HCLTECH,1294.0,1310.0,1291.05,1304.6,4286280.0,35.93748579282533,95.85387068715565,0,
NSE:HCLTECH,1302.0,1311.3,1289.7,1305.0,2761885.0,37.28384416128756,95.57959814528589,0,
NSE:HCLTECH,1281.5,1304.0,1281.5,1293.4,2220756.0,36.98844010055245,88.31047381546135,0,
NSE:HCLTECH,1284.0,1285.0,1259.3,1278.0,3112700.0,35.10698745922946,80.39046798736716,0,
NSE:HCLTECH,1272.45,1283.6,1265.1,1273.7,1321467.0,32.889815304811464,76.66868932038835,0,
NSE:HCLTECH,1270.0,1280.0,1256.6,1263.45,1246703.0,29.960238086337768,62.05687573042463,0,
NSE:HCLTECH,1264.0,1268.95,1257.1,1261.45,903152.0,27.164013905638285,60.17282010997646,0,
NSE:HCLTECH,1258.5,1267.65,1253.3,1261.1,1670373.0,24.635758334940647,59.91362387122101,0,
NSE:HCLTECH,1261.1,1266.0,1238.55,1241.9,1807072.0,20.842558006502713,45.2881619937695,0,
NSE:HCLTECH,1235.1,1249.7,1227.25,1234.8,2338327.0,17.066773612353245,39.30953315025503,0,
NSE:HCLTECH,1232.5,1256.7,1222.7,1238.7,2162636.0,14.225155940443301,30.844881537773905,0,
NSE:HCLTECH,1234.0,1244.8,1225.0,1239.55,2253785.0,11.904513537203911,30.844881537773766,0,
NSE:HCLTECH,1249.0,1253.95,1227.8,1235.45,2995200.0,9.623616913159367,31.70955882352942,0,
NSE:HCLTECH,1252.0,1256.0,1230.1,1237.7,2497711.0,7.9064059750826345,27.653359298928994,0,
NSE:HCLTECH,1236.0,1266.65,1231.15,1249.6,3430211.0,7.420199046674043,20.619658119658087,0,
NSE:HCLTECH,1255.55,1264.75,1248.2,1261.8,1532394.0,7.927926392830614,29.506641366223857,0,
NSE:HCLTECH,1266.0,1274.45,1241.0,1245.6,2186131.0,6.943064041325442,28.272727272727188,0,
NSE:HCLTECH,1245.0,1248.55,1215.15,1223.75,3921609.0,4.349305058905884,26.70674109059678,0,
NSE:HCLTECH,1211.0,1266.5,1208.55,1255.9,5740821.0,4.832265342663732,43.83229383229384,0,
NSE:HCLTECH,1263.0,1279.3,1260.3,1270.65,2527113.0,6.332222655093119,52.419354838709694,0,
NSE:HCLTECH,1278.9,1279.0,1271.0,1277.15,1687345.0,7.9537593226079935,55.12067840834967,0,
NSE:HCLTECH,1278.0,1281.5,1267.4,1269.45,1743126.0,8.519307887497462,52.59881730469971,0,
NSE:HCLTECH,1266.8,1274.75,1264.9,1267.35,2279726.0,8.69779399517438,58.864507140369135,0,
NSE:HCLTECH,1252.0,1261.35,1245.45,1258.6,1625449.0,8.040507680731025,58.19559228650135,0,
NSE:HCLTECH,1248.0,1260.5,1232.3,1236.65,1646367.0,5.6829129023981295,49.37212863705974,0,
NSE:HCLTECH,1231.2,1252.9,1225.3,1229.0,1420065.0,3.1607755358709255,46.89797118494561,0,
NSE:HCLTECH,1215.0,1238.2,1212.05,1231.8,4617424.0,1.3720835759322654,48.9185185185185,0,
NSE:HCLTECH,1237.0,1270.0,1233.45,1268.7,2675348.0,2.898640204744652,57.620452310717795,0,
NSE:HCLTECH,1270.0,1274.8,1256.0,1264.75,1158770.0,3.7465277036176303,53.87567152724484,0,
NSE:HCLTECH,1272.0,1279.85,1256.7,1276.0,2525870.0,5.2655674511265715,53.65038560411312,0,
NSE:HCLTECH,1280.0,1285.95,1255.3,1258.95,1572719.0,5.035577880643359,53.41694394676225,0,
NSE:HCLTECH,1266.0,1275.0,1265.0,1273.4,1368604.0,5.950707671511054,63.20830007980845,0,
NSE:HCLTECH,1282.6,1287.3,1263.0,1266.25,2052536.0,6.029504998584116,53.17582080392755,0,
NSE:HCLTECH,1276.25,1279.5,1265.15,1269.7,1175823.0,6.297742163685825,49.68677876689745,0,
NSE:HCLTECH,1269.0,1277.7,1267.1,1273.95,1385282.0,6.775161684336126,48.92904953145916,0,
NSE:HCLTECH,1280.0,1280.8,1265.9,1267.65,937671.0,6.5694343949955964,49.3918918918919,0,
NSE:HCLTECH,1267.65,1275.8,1261.8,1267.5,1483749.0,6.321420884600684,50.051352276617635,0,
NSE:HCLTECH,1262.3,1271.0,1250.65,1255.45,1469902.0,5.09381575953762,48.94543019752264,0,
NSE:HCLTECH,1265.0,1265.45,1256.35,1260.2,132559.0,4.4528850688527655,58.9103291713961,0,
NSE:HCLTECH,1260.0,1263.6,1253.3,1261.0,730991.0,3.963803928642619,62.769353551476435,0,
NSE:HCLTECH,1275.0,1283.0,1268.4,1276.65,2410620.0,4.783882192823967,66.23235613463628,0,
NSE:HCLTECH,1283.8,1317.95,1278.0,1311.05,3936945.0,8.116036021537866,65.6100258016955,0,
NSE:HCLTECH,1313.4,1325.75,1306.4,1309.15,2882039.0,10.482640462592599,66.61676646706591,0,
NSE:HCLTECH,1314.95,1331.7,1314.0,1325.4,2831858.0,13.513653737349614,67.82106782106786,0,
NSE:HCLTECH,1335.6,1336.0,1321.8,1326.6,1514256.0,15.830103981249067,77.55600814663951,0,
NSE:HCLTECH,1326.6,1335.75,1320.4,1329.7,1535630.0,17.711880052894003,75.26929982046681,0,
NSE:HCLTECH,1333.95,1335.25,1325.7,1329.0,1307344.0,18.928520792184145,79.89518818484999,0,
NSE:HCLTECH,1328.9,1332.65,1305.65,1309.15,1795933.0,18.082543926474727,66.25463535228684,0,
NSE:HCLTECH,1309.15,1319.9,1295.3,1316.65,2152951.0,17.81196326044619,67.13483146067422,0,
NSE:HCLTECH,1324.0,1338.8,1321.5,1333.95,1835524.0,18.777041504891713,74.4469026548673,0,
NSE:HCLTECH,1337.0,1346.8,1329.7,1340.9,4104385.0,19.873589514017112,75.77247191011246,0,
NSE:HCLTECH,1346.0,1349.0,1328.0,1336.7,1854324.0,20.171185936961137,80.1932367149759,0,
NSE:HCLTECH,1350.0,1350.0,1331.0,1337.95,1547057.0,20.27418956249312,79.66425028615038,0,
NSE:HCLTECH,1347.0,1347.0,1308.3,1317.55,3932040.0,18.496495086058303,68.76866910056422,0,
NSE:HCLTECH,1325.0,1339.95,1319.55,1329.55,2077245.0,17.85019320183096,67.99319727891154,0,
NSE:HCLTECH,1331.0,1337.0,1325.35,1328.0,1985003.0,17.016763597928275,57.424441524310154,0,
NSE:HCLTECH,1333.0,1369.95,1329.0,1364.1,4509751.0,19.049640533925412,68.520390967307,0,
NSE:HCLTECH,1370.1,1383.0,1366.05,1375.3,2824656.0,21.318707756898448,67.41102581995808,0,
NSE:HCLTECH,1377.0,1387.0,1370.0,1375.3,2730422.0,22.853518740630534,67.13581984517946,0,
NSE:HCLTECH,1379.35,1382.8,1357.05,1369.2,1896931.0,23.30895733198031,63.61130254996555,0,
NSE:HCLTECH,1391.0,1419.25,1382.0,1414.6,5145574.0,27.021805717431334,72.55005268703898,0,
NSE:HCLTECH,1422.0,1497.0,1422.0,1491.3,7374290.0,35.74131022777124,86.92479221569025,0,
NSE:HCLTECH,1489.85,1509.9,1481.0,1504.3,3075527.0,43.20255951390368,87.20999405116002,0,
NSE:HCLTECH,1501.5,1504.65,1477.7,1488.3,2590417.0,47.27957750715359,80.7653976479968,0,
NSE:HCLTECH,1485.0,1503.05,1435.0,1439.95,4368383.0,46.07804371260977,66.94610778443113,0,
NSE:HCLTECH,1421.15,1447.05,1420.1,1422.05,2841508.0,43.18364494238176,63.948357574767115,0,
NSE:HCLTECH,1431.0,1467.35,1423.0,1462.7,2303438.0,43.666567331036504,68.06138699869699,0,
NSE:HCLTECH,1462.7,1467.35,1442.15,1458.15,1363265.0,43.18433766595331,71.3353566009105,0,
NSE:HCLTECH,1465.45,1476.0,1457.55,1472.05,1402329.0,43.42322510594863,71.49969824984915,0,
NSE:HCLTECH,1470.6,1482.7,1468.45,1472.45,1928616.0,43.14744489391137,71.86979560938686,0,
NSE:HCLTECH,1473.95,1481.85,1457.55,1466.1,1481617.0,41.933116295945865,66.97171381031613,0,
NSE:HCLTECH,1460.0,1495.75,1455.05,1483.75,1222315.0,41.91182618305629,67.66574360645056,0,
NSE:HCLTECH,1484.05,1488.8,1461.35,1469.55,1440888.0,40.28475471360616,64.67382842908297,0,
NSE:HCLTECH,1460.0,1465.0,1435.5,1437.75,1651716.0,36.014145958753716,59.88179328239872,0,
NSE:HCLTECH,1437.0,1444.8,1417.15,1419.95,3392241.0,30.83786678092065,50.83790133124513,0,
NSE:HCLTECH,1425.0,1438.85,1421.9,1432.8,1776925.0,27.456019940386113,38.54737666405638,0,
NSE:HCLTECH,1435.0,1452.6,1430.55,1447.9,2025264.0,25.69809412583163,39.048543689320425,0,
NSE:HCLTECH,1460.6,1480.95,1452.35,1460.4,3119270.0,25.025097044618406,44.507874015748065,0,
NSE:HCLTECH,1474.9,1508.0,1466.05,1492.1,4368914.0,26.74140876680599,60.98588582262479,0,
NSE:HCLTECH,1500.0,1500.0,1474.0,1484.8,2271368.0,27.199015856647748,63.836824696802644,0,
NSE:HCLTECH,1505.0,1555.0,1498.5,1540.8,5862043.0,31.71481610245928,66.1296984717059,0,
NSE:HCLTECH,1610.0,1619.6,1575.5,1588.2,9712071.0,38.67261041353731,72.81979294613089,0,
NSE:HCLTECH,1587.0,1587.0,1538.0,1555.45,4459799.0,41.070624641150744,63.72613561553654,0,
NSE:HCLTECH,1520.0,1585.0,1516.55,1575.9,3846289.0,44.112708441803306,65.97190057125214,0,
NSE:HCLTECH,1577.0,1584.2,1537.05,1567.55,3205598.0,45.32730163670999,65.5669786711677,0,
NSE:HCLTECH,1570.0,1590.0,1558.05,1567.95,2374099.0,45.79426437760026,63.64225534672716,0,
NSE:HCLTECH,1580.0,1580.0,1537.05,1544.0,961332.0,43.72770510761302,61.693105073032825,0,
NSE:HCLTECH,1558.9,1567.9,1517.05,1523.65,3196630.0,39.98692271537084,63.99478657543175,0,
NSE:HCLTECH,1530.1,1581.2,1523.7,1576.4,2136023.0,40.808396080818056,72.88284335234752,0,
NSE:HCLTECH,1570.0,1570.0,1536.75,1550.25,2641656.0,38.90090773658653,66.53526678868083,0,
NSE:HCLTECH,1565.0,1588.6,1550.25,1574.55,2521598.0,38.901583162198676,67.38026622752845,0,
NSE:HCLTECH,1580.0,1592.45,1555.0,1559.3,1939386.0,37.24226524024584,63.470444020702786,0,
NSE:HCLTECH,1559.3,1581.3,1546.35,1576.0,7025931.0,36.85001028441138,61.914228912240844,0,
NSE:HCLTECH,1576.0,1597.0,1566.35,1577.4,2845408.0,36.234425800103054,63.373772385904104,0,
NSE:HCLTECH,1584.8,1613.9,1575.0,1583.75,2337374.0,35.84575504117083,57.24161186983645,0,
NSE:HCLTECH,1584.95,1588.5,1551.45,1555.35,1452864.0,32.86721521532763,44.08214736083587,0,
NSE:HCLTECH,1566.0,1627.0,1558.05,1623.75,4988311.0,35.61545648892229,60.90357598978285,0,
NSE:HCLTECH,1628.0,1629.9,1598.95,1615.35,3320199.0,36.692677355825026,56.549892080358575,0,
NSE:HCLTECH,1626.0,1647.7,1617.3,1633.8,3496692.0,38.59029852099616,60.642570281124485,0,
NSE:HCLTECH,1640.0,1646.75,1614.65,1630.6,3341297.0,39.381992613127295,59.974526349307396,0,
NSE:HCLTECH,1639.0,1685.0,1639.0,1666.95,4885445.0,42.45318322533103,68.83136774391176,0,
NSE:HCLTECH,1675.0,1675.0,1648.6,1665.6,3129897.0,44.267897428905826,73.08505448040323,0,
NSE:HCLTECH,1649.75,1676.9,1625.45,1671.5,1386643.0,45.655859868414154,68.2463545663852,0,
NSE:HCLTECH,1678.0,1696.5,1650.1,1662.55,2555162.0,45.50904001482763,73.06902218570247,0,
NSE:HCLTECH,1675.0,1677.0,1650.05,1667.45,1776881.0,45.26627186726182,70.73660714285708,0,
NSE:HCLTECH,1670.0,1682.95,1659.65,1675.25,762624.0,45.182436174812665,76.77210805818507,0,
NSE:HCLTECH,1661.0,1672.75,1645.0,1663.05,2240414.0,43.628634009220605,70.52581938222109,0,
NSE:HCLTECH,1655.55,1664.8,1632.05,1636.3,2890991.0,39.78017209590257,62.40522325189547,0,
NSE:HCLTECH,1644.0,1691.4,1639.0,1686.4,3820901.0,40.30824128523,68.2553796905566,0,
NSE:HCLTECH,1697.0,1697.35,1663.45,1665.75,2191549.0,38.61532408273456,70.1901975128017,0,
NSE:HCLTECH,1665.75,1668.85,1639.5,1649.8,1844253.0,35.57653910547765,55.89499886852225,0,
NSE:HCLTECH,1649.0,1673.4,1648.0,1658.8,2049420.0,33.508242737478895,59.80591288648158,0,
NSE:HCLTECH,1664.7,1672.0,1644.2,1651.9,936575.0,30.955494953577045,54.30952380952383,0,
NSE:HCLTECH,1642.15,1677.75,1636.65,1663.85,3532888.0,29.55598606358444,57.59999999999999,0,
NSE:HCLTECH,1675.45,1679.2,1639.1,1644.1,2371138.0,26.5471858100168,44.34825624536232,0,
NSE:HCLTECH,1656.0,1663.0,1643.0,1646.3,74513.0,24.062830217506416,45.246305418719224,0,
NSE:HCLTECH,1649.0,1654.0,1635.0,1637.95,1788071.0,21.17608061975602,41.83499634947677,0,
NSE:HCLTECH,1624.0,1629.95,1607.05,1619.35,3339546.0,17.18929867713382,39.95815899581589,0,
NSE:HCLTECH,1613.0,1650.0,1603.85,1644.2,2366177.0,15.85219830981282,45.05424377791959,0,
NSE:HCLTECH,1650.0,1654.55,1630.1,1637.65,3181239.0,14.101453596842703,41.95893926432851,0,
NSE:HCLTECH,1655.0,1659.8,1632.05,1638.65,2970902.0,12.648859265064402,44.519317160826624,0,
NSE:HCLTECH,1635.9,1665.0,1633.05,1635.6,2414182.0,11.12333539526594,49.82403217697335,0,
NSE:HCLTECH,1638.75,1651.25,1610.35,1631.5,2564135.0,9.47429720217292,32.047089601046416,0,
NSE:HCLTECH,1634.0,1683.0,1610.0,1679.25,3513306.0,11.883463322089483,53.75,0,
NSE:HCLTECH,1677.0,1677.0,1642.85,1647.3,3931561.0,11.086844603254121,49.36224489795917,0,
NSE:HCLTECH,1649.9,1663.3,1634.25,1643.4,1183544.0,10.025256209827148,45.96647459402832,0,
NSE:HCLTECH,1641.55,1641.55,1594.1,1599.15,1915379.0,5.549364947628874,38.4446878422782,0,
NSE:HCLTECH,1604.75,1619.1,1578.1,1587.1,1815178.0,1.0181183467880146,33.19465732428292,0,
NSE:HCLTECH,1608.0,1619.95,1583.35,1595.8,2684744.0,-1.8495890281931224,38.88633225954904,-1,
NSE:HCLTECH,1560.0,1571.45,1508.2,1557.85,7468824.0,-7.102640800292875,32.52321675558193,0,
NSE:HCLTECH,1562.25,1592.55,1555.55,1562.25,4496344.0,-10.786340726578374,34.80529907667606,0,
NSE:HCLTECH,1569.0,1576.85,1540.0,1546.2,2589697.0,-14.829851030915279,35.1652808760901,0,
NSE:HCLTECH,1549.0,1561.05,1531.0,1543.55,5301493.0,-18.040238294644723,27.568531312681095,0,
NSE:HCLTECH,1549.0,1569.0,1548.0,1556.7,1014857.0,-19.300909361160393,32.47456159341852,0,
NSE:HCLTECH,1559.0,1565.0,1525.1,1528.3,2031775.0,-22.33418829519769,28.643313334623592,0,
NSE:HCLTECH,1525.35,1558.45,1518.0,1535.85,3343884.0,-23.85388901793158,31.025299600532648,0,
NSE:HCLTECH,1540.8,1552.5,1518.7,1539.65,3388449.0,-24.469564638102383,32.508093696438834,0,
NSE:HCLTECH,1542.45,1547.7,1523.8,1545.25,2773570.0,-24.22635249278801,19.600725952813143,0,
NSE:HCLTECH,1554.0,1554.0,1537.65,1540.05,1820136.0,-24.17453269240991,22.308288148722,0,
NSE:HCLTECH,1540.0,1561.8,1534.55,1540.5,2432095.0,-23.82254244775595,22.949526813880208,0,
NSE:HCLTECH,1541.05,1552.15,1536.2,1539.15,1829986.0,-23.38297695752567,29.633401221996014,0,
NSE:HCLTECH,1537.0,1542.95,1516.2,1521.5,4319991.0,-24.180092576775223,28.54807063440167,0,
NSE:HCLTECH,1507.1,1530.5,1494.0,1505.05,3295684.0,-25.841307462776513,21.755368814192437,0,
NSE:HCLTECH,1486.35,1501.6,1467.3,1477.3,2446933.0,-29.06201647644957,23.230309072781765,0,
NSE:HCLTECH,1477.05,1480.9,1452.1,1466.85,5180223.0,-32.087791156946196,19.520766773163,0,
NSE:HCLTECH,1442.0,1455.5,1435.0,1447.5,5219506.0,-35.6363292552619,19.117647058823593,0,
NSE:HCLTECH,1452.2,1473.3,1450.5,1465.9,1939632.0,-36.54260463992182,27.88379379094284,0,
NSE:HCLTECH,1474.9,1501.45,1471.1,1486.65,2783858.0,-35.1809388627762,30.876330876330915,0,
NSE:HCLTECH,1490.0,1496.95,1476.3,1479.25,1321471.0,-34.30349771130568,34.875115633672564,0,
NSE:HCLTECH,1479.95,1515.05,1479.95,1504.15,4558032.0,-31.238795980537816,41.16991643454047,0,
NSE:HCLTECH,1516.85,1531.45,1464.95,1473.85,4328477.0,-30.89877273300658,34.02912621359222,0,
NSE:HCLTECH,1415.0,1436.0,1381.0,1387.4,11493223.0,-37.17654628285527,22.48561966184422,0,
NSE:HCLTECH,1376.4,1397.9,1362.45,1366.6,7606726.0,-43.330624747462025,21.3258389816499,0,
NSE:HCLTECH,1358.0,1377.9,1358.0,1360.7,6555505.0,-48.12905517132822,20.80220850925629,0,
NSE:HCLTECH,1370.0,1370.0,1333.55,1348.05,5964228.0,-52.34914675502591,20.065789473684234,0,
NSE:HCLTECH,1358.0,1365.0,1348.5,1358.8,2504082.0,-54.20136498436159,23.951328850464325,0,
NSE:HCLTECH,1347.95,1348.9,1326.15,1330.95,5096525.0,-57.25650616136977,23.10781587890025,0,
NSE:HCLTECH,1330.95,1334.0,1307.3,1313.65,6832455.0,-60.37769647200139,23.878691141261015,0,
NSE:HCLTECH,1315.0,1339.0,1314.5,1320.05,5653762.0,-61.62446726839971,26.26131953428203,0,
NSE:HCLTECH,1320.1,1322.9,1303.6,1316.2,3357203.0,-62.206131370780895,27.647259107933277,0,
NSE:HCLTECH,1316.2,1321.9,1301.65,1312.9,2316566.0,-62.21619719035857,22.541277817659722,0,
NSE:HCLTECH,1322.0,1326.95,1308.7,1321.05,3200462.0,-60.864924573898406,18.872180451127768,0,
NSE:HCLTECH,1319.25,1340.3,1318.25,1332.9,2975965.0,-58.1673186826672,22.943242743575524,0,
NSE:HCLTECH,1345.0,1357.8,1328.5,1348.15,5055915.0,-54.17441015041868,20.092024539877272,0,
NSE:HCLTECH,1351.0,1351.0,1330.2,1333.2,2487831.0,-51.621283406914245,21.348543491546117,0,
NSE:HCLTECH,1335.05,1340.0,1333.05,1338.9,107491.0,-48.57799284255134,35.27625986642378,0,
NSE:HCLTECH,1314.0,1349.85,1314.0,1341.9,4966721.0,-45.400736783947195,41.592920353982336,0,
NSE:HCLTECH,1348.95,1352.9,1340.0,1343.05,2390777.0,-42.30230839861406,43.79176925782619,0,
NSE:HCLTECH,1346.65,1358.45,1338.0,1353.55,3326149.0,-38.55508036567676,51.964285714285715,0,
NSE:HCLTECH,1360.0,1360.0,1340.85,1345.2,1769966.0,-35.84594067758417,45.058139534883736,0,
NSE:HCLTECH,1351.0,1359.6,1338.0,1353.3,1942325.0,-32.66874074329439,59.482392872295286,0,
NSE:HCLTECH,1357.85,1363.3,1345.6,1358.4,2147233.0,-29.400350586875902,71.17841930903936,0,
NSE:HCLTECH,1366.0,1366.6,1346.95,1353.1,3845920.0,-26.927391340828535,65.8058345289335,0,
NSE:HCLTECH,1346.0,1351.55,1325.1,1331.85,4150461.0,-26.378179494599635,56.41656416564159,0,
NSE:HCLTECH,1331.85,1340.9,1315.75,1324.1,10319045.0,-26.2655128971885,54.43037974683538,0,
NSE:HCLTECH,1350.55,1354.75,1309.85,1314.45,5384064.0,-26.64771983201217,47.41985926505085,0,
NSE:HCLTECH,1325.0,1325.0,1235.0,1303.55,5447244.0,-27.513007660355697,38.440330838912914,0,
NSE:HCLTECH,1320.0,1356.9,1316.1,1343.7,3005139.0,-24.674552167914044,48.53473822851497,0,
NSE:HCLTECH,1354.0,1399.8,1350.9,1397.5,5936709.0,-17.877761657677183,66.85894074462504,0,
NSE:HCLTECH,1407.0,1438.65,1398.0,1431.5,5884025.0,-9.636654999711709,71.14155251141551,0,
NSE:HCLTECH,1440.0,1442.0,1397.5,1418.75,3293739.0,-4.0872220910528085,66.79781420765025,0,
NSE:HCLTECH,1425.0,1437.95,1415.4,1428.8,2269082.0,1.108911636142011,68.04123711340205,1,
NSE:HCLTECH,1472.0,1472.0,1434.5,1438.75,5990861.0,5.961051603190526,67.96710248840152,0,
NSE:HCLTECH,1447.75,1457.7,1437.1,1444.15,4232861.0,10.125422784175043,71.12961776638905,0,
NSE:HCLTECH,1444.15,1446.0,1424.4,1431.05,3065114.0,12.22770307942892,66.25548818733009,0,
NSE:HCLTECH,1431.05,1439.75,1427.05,1437.2,2223029.0,14.226040027796671,66.40299750208155,0,
NSE:HCLTECH,1440.05,1451.9,1430.3,1445.85,3117522.0,16.31959700981929,69.04126462738655,0,
NSE:HCLTECH,1448.95,1448.95,1429.55,1443.45,3163919.0,17.582416901605256,74.83311081441926,0,
NSE:HCLTECH,1462.0,1481.95,1439.2,1447.85,6489262.0,18.722433433328206,77.9534673593856,0,
NSE:HCLTECH,1437.85,1443.95,1426.6,1440.85,1988692.0,18.843843155523473,78.8980338363054,0,
NSE:HCLTECH,1440.95,1450.1,1426.45,1447.95,2079037.0,19.290601847778817,83.59702187063752,0,
NSE:HCLTECH,1447.95,1453.3,1438.2,1443.7,1917424.0,19.081759206693732,77.93296089385474,0,
NSE:HCLTECH,1435.0,1460.55,1423.5,1454.9,6613193.0,19.594127402918048,71.04105571847509,0,
NSE:HCLTECH,1468.0,1468.7,1442.0,1459.6,4943575.0,20.147189352633177,63.11858076563956,0,
NSE:HCLTECH,1465.0,1478.6,1455.0,1468.85,3723295.0,21.08879413542877,74.17953667953667,0,
NSE:HCLTECH,1475.0,1492.45,1473.0,1480.8,3811366.0,22.539466895334726,74.64454976303317,0,
NSE:HCLTECH,1489.0,1489.0,1471.2,1481.0,2070876.0,23.435128266824222,72.0626631853786,0,
NSE:HCLTECH,1485.0,1534.55,1485.0,1522.35,6822557.0,27.168365771360413,79.68868640850415,0,
NSE:HCLTECH,1523.0,1529.25,1505.55,1519.4,3061687.0,29.548328308859254,86.34306869601008,0,
NSE:HCLTECH,1528.0,1540.0,1506.2,1533.4,2939620.0,32.19304735323749,87.17156105100483,0,
NSE:HCLTECH,1533.4,1546.3,1525.0,1531.1,2658608.0,33.71477256061917,84.64039008533123,0,
NSE:HCLTECH,1531.1,1532.6,1487.85,1509.95,3507096.0,32.83561399021346,73.44851904090272,0,
NSE:HCLTECH,1515.0,1534.0,1508.05,1511.9,3304053.0,31.928175064793322,72.98170075349846,0,
NSE:HCLTECH,1530.0,1566.0,1510.5,1560.2,6430647.0,34.70635624784245,83.0334901743704,0,
NSE:HCLTECH,1580.0,1636.4,1567.4,1569.6,10337489.0,37.23733744541255,83.24678874009295,0,
NSE:HCLTECH,1565.0,1583.0,1555.0,1569.55,3540650.0,38.79195419626785,85.20279720279727,0,
NSE:HCLTECH,1558.05,1599.25,1557.0,1594.55,4399468.0,41.562187215356516,86.2633082316282,0,
NSE:HCLTECH,1610.5,1616.45,1588.6,1594.55,5633838.0,43.25895454124816,85.91961671546454,0,
NSE:HCLTECH,1588.6,1594.5,1570.9,1577.1,2704495.0,42.703328320322726,77.60775312420304,0,
NSE:HCLTECH,1574.0,1600.8,1551.1,1598.35,2907674.0,43.47651771053438,78.62186510835161,0,
NSE:HCLTECH,1594.0,1598.0,1576.85,1583.7,2484299.0,42.41817301385663,73.36214740673346,0,
NSE:HCLTECH,1570.0,1594.0,1562.85,1587.6,2934731.0,41.416698701486666,67.89141760350978,0,
NSE:HCLTECH,1602.8,1640.0,1594.0,1635.35,2814159.0,43.96919946870116,75.52278230244333,0,
NSE:HCLTECH,1640.2,1645.0,1620.0,1632.35,1639491.0,45.228632269581794,72.88919731667822,0,
NSE:HCLTECH,1629.0,1633.0,1618.0,1630.25,1783877.0,45.53241999369561,72.95670294049556,0,
NSE:HCLTECH,1621.0,1645.0,1619.2,1642.6,1984986.0,46.23672752690504,82.0178614530534,0,
NSE:HCLTECH,1640.05,1655.5,1636.1,1640.55,1785188.0,46.09808838595063,81.03739445114603,0,
NSE:HCLTECH,1620.05,1639.0,1601.15,1609.3,1692851.0,42.97125614291281,62.90746582544692,0,
NSE:HCLTECH,1575.0,1595.7,1537.0,1562.4,3279717.0,36.29044733548517,48.41897233201584,0,
NSE:HCLTECH,1563.0,1605.0,1563.0,1582.75,2138704.0,32.26599089279421,52.66129032258067,0,
NSE:HCLTECH,1605.0,1615.0,1590.0,1594.6,1897787.0,29.690522273674105,50.01064509261231,0,
NSE:HCLTECH,1597.0,1602.0,1554.55,1557.85,2373805.0,24.402727517683388,43.24374079528716,0,
NSE:HCLTECH,1584.9,1602.0,1575.85,1589.95,2021762.0,22.542458378173023,52.24454148471618,0,
NSE:HCLTECH,1590.0,1600.5,1573.85,1585.25,1273739.0,20.453159669118804,47.57137560252132,0,
NSE:HCLTECH,1578.0,1608.4,1577.65,1592.65,1973825.0,19.173473675767355,51.70508668317776,0,
NSE:HCLTECH,1600.1,1629.75,1598.25,1626.15,3932148.0,20.624734237377652,56.59989727786342,0,
NSE:HCLTECH,1635.0,1674.0,1632.7,1668.25,3101056.0,24.88512659490857,55.743715083798904,0,
NSE:HCLTECH,1665.0,1685.0,1659.05,1678.5,1631947.0,28.757113466536566,57.85799421079519,0,
NSE:HCLTECH,1680.0,1695.05,1669.2,1686.75,2786109.0,32.12112467973179,59.42294863242162,0,
NSE:HCLTECH,1686.0,1688.85,1673.75,1677.25,1410370.0,33.63285853987372,55.834315541336956,0,
NSE:HCLTECH,1687.0,1687.0,1673.0,1676.15,1749127.0,34.346235683404984,56.013513513513544,0,
NSE:HCLTECH,1676.05,1685.95,1657.15,1661.45,2158185.0,33.34108973393904,59.33082841295404,0,
NSE:HCLTECH,1671.0,1734.0,1667.1,1719.45,2672708.0,36.800407411891,77.02632937532266,0,
NSE:HCLTECH,1725.85,1756.85,1705.1,1711.6,3556487.0,38.46511035146159,73.17029311274946,0,
NSE:HCLTECH,1712.55,1737.75,1693.05,1719.45,2516461.0,39.95722678159268,72.77869002006932,0,
NSE:HCLTECH,1714.0,1756.0,1697.25,1751.85,5112407.0,43.25552624358602,85.96588802373005,0,
NSE:HCLTECH,1751.85,1766.3,1742.2,1753.25,4792561.0,45.458404440377535,84.16317991631794,0,
NSE:HCLTECH,1764.2,1812.0,1760.0,1806.65,4445349.0,50.926090726292614,88.47758081334722,0,
NSE:HCLTECH,1806.0,1817.15,1787.05,1790.45,2553290.0,53.3372285203709,83.35581787521076,0,
NSE:HCLTECH,1765.1,1795.65,1765.0,1785.25,2644961.0,54.20365011378999,79.66070096942576,0,
NSE:HCLTECH,1792.0,1797.7,1767.3,1790.55,2878565.0,54.687557058904076,76.4261019878997,0,
NSE:HCLTECH,1788.0,1795.75,1740.05,1756.1,3351716.0,51.69531826024513,65.17996870109542,0,
NSE:HCLTECH,1758.35,1766.3,1741.15,1746.75,1418238.0,48.015982241236316,61.686793922867146,0,
NSE:HCLTECH,1749.45,1789.3,1747.15,1779.1,2307528.0,47.16674767088739,68.21677696297618,0,
NSE:HCLTECH,1778.2,1796.85,1773.7,1778.75,2303930.0,45.93595992863834,68.40028694404589,0,
NSE:HCLTECH,1800.0,1814.2,1777.1,1807.6,3349489.0,46.74960531657848,74.94452978323943,0,
NSE:HCLTECH,1805.0,1820.0,1795.65,1812.8,1599349.0,47.26913255423415,69.43576931084736,0,
NSE:HCLTECH,1819.0,1824.25,1808.2,1811.85,836199.0,47.06170651474258,71.48981779206859,0,
NSE:HCLTECH,1811.95,1828.0,1807.2,1813.75,830317.0,46.514444443747834,70.74351077870654,0,
NSE:HCLTECH,1808.1,1808.1,1740.1,1756.5,2629136.0,40.988647157996866,50.92207019631174,0,
NSE:HCLTECH,1776.0,1776.0,1721.5,1736.5,4167373.0,34.59677011465351,46.906740535549396,0,
NSE:HCLTECH,1748.0,1766.1,1721.4,1760.05,4644317.0,31.0732565323799,40.32793690327934,0,
NSE:HCLTECH,1764.0,1764.0,1732.5,1752.8,1541597.0,27.380210204018567,41.88402672989866,0,
NSE:HCLTECH,1750.0,1783.5,1738.35,1775.6,1907389.0,25.99357606978674,48.066519735523926,0,
NSE:HCLTECH,1778.8,1784.05,1755.0,1782.4,2240579.0,25.153408858410785,48.376817367058386,0,
NSE:HCLTECH,1782.25,1808.4,1778.9,1783.85,4303250.0,24.324179175897825,56.36321944508141,0,
NSE:HCLTECH,1810.0,1828.55,1796.55,1808.4,4099016.0,25.35570373602718,63.215434083601295,0,
NSE:HCLTECH,1808.0,1820.7,1789.15,1796.1,2117894.0,24.89372777902281,53.98686679174484,0,
NSE:HCLTECH,1790.0,1822.45,1790.0,1816.5,1642542.0,25.87544202605295,58.09217577706322,0,
NSE:HCLTECH,1778.0,1809.3,1770.0,1778.55,3552386.0,23.322364105338238,44.00660202186922,0,
NSE:HCLTECH,1778.0,1807.9,1767.25,1776.6,2982759.0,20.900751898449926,42.42994562944375,0,
NSE:HCLTECH,1784.95,1804.2,1767.9,1776.95,3419048.0,18.793212398483547,42.683438155136315,0,
NSE:HCLTECH,1774.0,1794.0,1743.0,1789.45,2353030.0,17.924989572031564,45.12244078683261,0,
NSE:HCLTECH,1793.05,1825.0,1790.15,1809.7,2499596.0,18.655869242794097,62.541254125412514,0,
NSE:HCLTECH,1820.0,1839.95,1797.0,1808.65,3753869.0,18.932132583217253,68.67719389075845,0,
NSE:HCLTECH,1804.0,1852.8,1800.65,1839.65,2977110.0,21.405761894566012,69.84047856430706,0,
NSE:HCLTECH,1846.05,1865.5,1832.4,1855.9,1751092.0,24.39614654710931,74.59446564885492,0,
NSE:HCLTECH,1830.0,1882.75,1829.95,1870.1,5696544.0,27.59378527434842,73.50746268656711,0,
NSE:HCLTECH,1869.0,1885.0,1854.05,1865.25,2144442.0,29.397704103104388,70.81135393117304,0,
NSE:HCLTECH,1869.9,1877.05,1851.45,1867.8,2399099.0,30.67943305323388,70.97177117162127,0,
NSE:HCLTECH,1867.0,1873.9,1843.0,1857.7,2366406.0,30.528315472244458,63.274098007539024,0,
NSE:HCLTECH,1875.3,1888.5,1840.0,1843.6,1284980.0,28.937231151272726,62.66666666666667,0,
NSE:HCLTECH,1829.8,1852.0,1819.5,1822.75,2089660.0,25.697638237106503,51.66267624368183,0,
NSE:HCLTECH,1793.5,1865.0,1793.5,1845.75,2522186.0,24.701402897094795,69.42196531791912,0,
NSE:HCLTECH,1845.0,1862.95,1837.7,1844.9,1621637.0,23.571572896833686,69.86620127981395,0,
NSE:HCLTECH,1860.0,1871.55,1840.2,1852.35,4078295.0,23.012058533132404,71.06145251396653,0,
NSE:HCLTECH,1845.1,1876.8,1845.1,1871.75,2418907.0,23.859025244954864,72.13555675094142,0,
NSE:HCLTECH,1871.75,1875.9,1851.2,1871.75,1719955.0,24.25070542948879,68.72924841533359,0,
NSE:HCLTECH,1861.0,1869.45,1835.3,1838.8,1732047.0,21.652726025012498,57.63097949886104,0,
NSE:HCLTECH,1840.0,1843.9,1756.55,1766.05,3616088.0,13.567098559682108,34.62181362306722,0,
NSE:HCLTECH,1777.0,1781.3,1751.0,1757.4,242223.0,6.3875659465636545,28.74406560207159,0,
NSE:HCLTECH,1763.0,1782.1,1745.0,1762.95,2843690.0,1.1325182759258041,25.980721811253055,0,
NSE:HCLTECH,1769.0,1783.35,1761.5,1773.55,1818350.0,-2.152006460624307,29.960664335664283,-1,
NSE:HCLTECH,1791.1,1853.0,1783.0,1838.4,3477029.0,0.47239161143033925,44.950188938509115,1,
NSE:HCLTECH,1850.05,1862.55,1814.2,1831.95,2173869.0,2.0086306523687654,45.52096016698556,0,
NSE:HCLTECH,1838.95,1854.15,1828.05,1837.5,1521324.0,3.6320814035041167,48.906418070993205,0,
NSE:HCLTECH,1846.7,1874.0,1834.0,1867.3,1679869.0,7.239832488826778,57.73840541948931,0,
NSE:HCLTECH,1891.0,1892.95,1864.45,1872.85,2711052.0,10.426647926172564,55.011094674556205,0,
NSE:HCLTECH,1866.0,1879.6,1859.1,1864.75,1254074.0,12.158464602997356,53.57464433639473,0,
NSE:HCLTECH,1872.0,1897.0,1846.35,1858.95,2462563.0,12.914064966857268,51.195652173913075,0,
NSE:HCLTECH,1858.95,1865.05,1815.0,1835.0,2483933.0,11.448349411854451,43.45036535376938,0,
NSE:HCLTECH,1837.0,1865.0,1817.3,1820.55,2354204.0,9.016824695976084,41.322033898305065,0,
NSE:HCLTECH,1835.0,1839.55,1820.2,1836.35,1841245.0,8.269426987570341,49.55911463019614,0,
NSE:HCLTECH,1846.35,1902.0,1836.5,1898.4,2765950.0,12.539478048077854,74.77072805539963,0,
NSE:HCLTECH,1919.0,1919.95,1878.5,1891.7,6531524.0,15.20758667898167,75.3205128205128,0,
NSE:HCLTECH,1890.1,1914.95,1889.15,1899.55,2079873.0,17.75089017408891,75.53271028037382,0,
NSE:HCLTECH,1896.75,1917.0,1887.1,1891.05,1631975.0,18.86315484775878,72.13639788997739,0,
NSE:HCLTECH,1885.1,1900.5,1835.0,1840.9,3631255.0,15.519052756215387,50.49860390905464,0,
NSE:HCLTECH,1842.0,1872.3,1833.95,1848.05,2482280.0,13.292544818325268,53.20206841686554,0,
NSE:HCLTECH,1848.05,1878.55,1835.45,1871.5,2014744.0,13.267303045695598,56.31266245822503,0,
NSE:HCLTECH,1884.0,1896.3,1872.05,1890.75,2954648.0,14.631944927017685,54.53140096618358,0,
NSE:HCLTECH,1882.0,1911.0,1877.6,1897.65,3730643.0,16.084790333443834,54.76739715494045,0,
NSE:HCLTECH,1885.0,1938.1,1884.0,1924.0,3881814.0,19.141751374564592,60.643075264954206,0,
NSE:HCLTECH,1926.0,1939.35,1915.3,1922.7,2250408.0,21.214963000803664,61.639583713711886,0,
NSE:HCLTECH,1915.0,1926.05,1901.0,1909.9,1379520.0,21.576425522776844,64.25580510087553,0,
NSE:HCLTECH,1916.45,1942.8,1912.2,1936.35,2695207.0,23.723708974205465,71.07753913360031,0,
NSE:HCLTECH,1926.25,1934.8,1916.0,1930.9,1387117.0,24.70094006607451,67.88348780026487,0,
NSE:HCLTECH,1924.95,1949.0,1921.5,1936.2,2306173.0,25.60787678972042,59.1040462427746,0,
NSE:HCLTECH,1939.0,1975.0,1912.35,1968.8,2569918.0,28.62718189468842,66.50963597430412,0,
NSE:HCLTECH,1970.85,1980.0,1950.25,1954.4,1371189.0,29.51778068753015,61.42470318683615,0,
NSE:HCLTECH,1945.3,1963.2,1938.0,1950.6,1987909.0,29.57602440628034,62.65137029955389,0,
NSE:HCLTECH,1949.0,1971.95,1946.75,1960.35,3460812.0,30.062386016055598,80.63606052834066,0,
NSE:HCLTECH,1910.0,1946.2,1910.0,1934.25,1916115.0,28.018795983645305,70.14960261804588,0,
NSE:HCLTECH,1954.6,1957.65,1896.4,1911.35,3786921.0,24.271609536786627,59.339114131708456,0,
NSE:HCLTECH,1918.5,1939.4,1899.15,1903.0,2058339.0,20.393083294526605,53.02543837984689,0,
NSE:HCLTECH,1908.6,1923.65,1889.25,1896.95,1310301.0,16.639331015895323,49.82638888888888,0,
NSE:HCLTECH,1905.6,1908.9,1886.3,1900.75,1065107.0,13.811868905675283,43.507400167550934,0,
NSE:HCLTECH,1900.0,1902.9,1882.7,1892.0,1328546.0,10.741214900167734,41.76943699731899,0,
NSE:HCLTECH,1888.0,1968.95,1865.65,1928.95,6262203.0,11.16060318758855,54.521718490386895,0,
